Customer ID,Prediction
17841.0,0.5
14911.0,0.5
14606.0,0.5
12748.0,0.5
15311.0,0.5
14156.0,0.5
14646.0,0.5
13089.0,0.5
14298.0,0.5
14096.0,0.5
16549.0,0.5
15039.0,0.5
14527.0,0.5
17850.0,0.5
15005.0,0.5
13081.0,0.5
17511.0,0.5
15719.0,0.5
13263.0,0.5
17377.0,0.5
16782.0,0.5
14159.0,0.5
15555.0,0.5
13694.0,0.5
14505.0,0.5
12921.0,0.5
15998.0,0.5
14680.0,0.5
17920.0,0.5
12681.0,0.5
14769.0,0.5
14796.0,0.5
17589.0,0.5
16033.0,0.5
18118.0,0.5
13564.0,0.5
15547.0,0.5
13137.0,0.5
15768.0,0.5
14667.0,0.5
12471.0,0.5
16713.0,0.5
14415.0,0.5
17338.0,0.5
17448.0,0.5
17757.0,0.5
13230.0,0.5
17611.0,0.5
16984.0,0.5
13093.0,0.5
17231.0,0.5
16161.0,0.5
17865.0,0.5
17675.0,0.5
15358.0,0.5
16686.0,0.5
13097.0,0.5
18102.0,0.5
13069.0,0.5
16779.0,0.5
15856.0,0.5
17238.0,0.5
17243.0,0.5
17085.0,0.5
14056.0,0.5
16923.0,0.5
13050.0,0.5
13001.0,0.5
17068.0,0.5
14085.0,0.5
12472.0,0.5
12415.0,0.5
12867.0,0.5
13451.0,0.5
17811.0,0.5
15867.0,0.5
16746.0,0.5
13969.0,0.5
12682.0,0.5
15498.0,0.5
15023.0,0.5
13319.0,0.5
18069.0,0.5
15615.0,0.5
14049.0,0.5
15061.0,0.5
14194.0,0.5
13174.0,0.5
13798.0,0.5
14081.0,0.5
16710.0,0.5
17576.0,0.5
16241.0,0.5
15044.0,0.5
17799.0,0.5
14895.0,0.5
13869.0,0.5
16327.0,0.5
14535.0,0.5
17735.0,0.5
17346.0,0.5
17965.0,0.5
15601.0,0.5
13004.0,0.5
16931.0,0.5
17581.0,0.5
16938.0,0.5
14044.0,0.5
13078.0,0.5
16904.0,0.5
14040.0,0.5
17139.0,0.5
13408.0,0.5
15808.0,0.5
16550.0,0.5
13767.0,0.5
16409.0,0.5
14030.0,0.5
18041.0,0.5
17365.0,0.5
14546.0,0.5
17706.0,0.5
16814.0,0.5
12540.0,0.5
15078.0,0.5
14031.0,0.5
13975.0,0.5
13148.0,0.5
17428.0,0.5
17315.0,0.5
14395.0,0.5
15581.0,0.5
12949.0,0.5
17364.0,0.5
16422.0,0.5
14849.0,0.5
15570.0,0.5
16684.0,0.5
17602.0,0.5
15529.0,0.5
16558.0,0.5
17677.0,0.5
14534.0,0.5
12621.0,0.5
12474.0,0.5
17954.0,0.5
15640.0,0.5
13668.0,0.5
13178.0,0.5
16705.0,0.5
15159.0,0.5
17107.0,0.5
13468.0,0.5
18283.0,0.5
16393.0,0.5
15356.0,0.5
16729.0,0.5
17372.0,0.5
13488.0,0.5
16007.0,0.5
17160.0,0.5
15984.0,0.5
15034.0,0.5
13735.0,0.5
15727.0,0.5
14961.0,0.5
16395.0,0.5
14461.0,0.5
17220.0,0.5
16940.0,0.5
14456.0,0.5
17625.0,0.5
12714.0,0.5
17961.0,0.5
14702.0,0.5
18223.0,0.5
12835.0,0.5
14426.0,0.5
14713.0,0.5
16919.0,0.5
12637.0,0.5
13571.0,0.5
15493.0,0.5
15898.0,0.5
14800.0,0.5
12841.0,0.5
13680.0,0.5
16791.0,0.5
18109.0,0.5
16843.0,0.5
17716.0,0.5
15750.0,0.5
16242.0,0.5
15059.0,0.5
15571.0,0.5
17340.0,0.5
15752.0,0.5
15382.0,0.5
12705.0,0.5
17059.0,0.5
16283.0,0.5
17019.0,0.5
15532.0,0.5
13772.0,0.5
13206.0,0.5
13018.0,0.5
18116.0,0.5
15513.0,0.5
12709.0,0.5
15861.0,0.5
16655.0,0.5
12437.0,0.5
15150.0,0.5
15910.0,0.5
14329.0,0.5
17769.0,0.5
17416.0,0.5
15271.0,0.5
15296.0,0.5
15805.0,0.5
18226.0,0.5
15281.0,0.5
17802.0,0.5
13418.0,0.5
14502.0,0.5
14593.0,0.5
12647.0,0.5
16072.0,0.5
17449.0,0.5
14936.0,0.5
18225.0,0.5
12477.0,0.5
17337.0,0.5
14562.0,0.5
14088.0,0.5
15021.0,0.5
14422.0,0.5
17049.0,0.5
14451.0,0.5
13715.0,0.5
14701.0,0.5
15249.0,0.5
14099.0,0.5
14572.0,0.5
13448.0,0.5
16133.0,0.5
13098.0,0.5
12668.0,0.5
16556.0,0.5
16200.0,0.5
12567.0,0.5
14367.0,0.5
16186.0,0.5
18172.0,0.5
18055.0,0.5
16700.0,0.5
17673.0,0.5
16049.0,0.5
15786.0,0.5
12484.0,0.5
17861.0,0.5
16788.0,0.5
12476.0,0.5
15544.0,0.5
15194.0,0.5
17596.0,0.5
16255.0,0.5
16670.0,0.5
16764.0,0.5
13334.0,0.5
12839.0,0.5
13634.0,0.5
15738.0,0.5
14688.0,0.5
12683.0,0.5
13113.0,0.5
13013.0,0.5
16470.0,0.5
17400.0,0.5
14525.0,0.5
17913.0,0.5
12539.0,0.5
14291.0,0.5
13102.0,0.5
16918.0,0.5
16945.0,0.5
15518.0,0.5
13802.0,0.5
17758.0,0.5
14410.0,0.5
12451.0,0.5
13458.0,0.5
16170.0,0.5
16595.0,0.5
15862.0,0.5
13736.0,0.5
15443.0,0.5
16960.0,0.5
14016.0,0.5
14530.0,0.5
14649.0,0.5
15622.0,0.5
13534.0,0.5
17126.0,0.5
16873.0,0.5
13527.0,0.5
17287.0,0.5
17191.0,0.5
13881.0,0.5
17975.0,0.5
14648.0,0.5
14057.0,0.5
17091.0,0.5
16794.0,0.5
12720.0,0.5
14449.0,0.5
15967.0,0.5
13999.0,0.5
16326.0,0.5
13141.0,0.5
16110.0,0.5
18260.0,0.5
14755.0,0.5
13269.0,0.5
12433.0,0.5
13047.0,0.5
18022.0,0.5
12957.0,0.5
15521.0,0.5
14146.0,0.5
14286.0,0.5
13044.0,0.5
14963.0,0.5
12583.0,0.5
12836.0,0.5
17530.0,0.5
13952.0,0.5
16019.0,0.5
13394.0,0.5
17894.0,0.5
13593.0,0.5
18245.0,0.5
16813.0,0.5
16771.0,0.5
13031.0,0.5
13985.0,0.5
16011.0,0.5
17180.0,0.5
17389.0,0.5
16797.0,0.5
16383.0,0.5
12490.0,0.5
16029.0,0.5
14684.0,0.5
13555.0,0.5
14110.0,0.5
15858.0,0.5
17774.0,0.5
16891.0,0.5
17696.0,0.5
13268.0,0.5
13979.0,0.5
14730.0,0.5
12431.0,0.5
14390.0,0.5
16145.0,0.5
15033.0,0.5
13590.0,0.5
12872.0,0.5
16115.0,0.5
15950.0,0.5
17686.0,0.5
17092.0,0.5
17426.0,0.5
13357.0,0.5
15298.0,0.5
16456.0,0.5
17884.0,0.5
16059.0,0.5
13709.0,0.5
17450.0,0.5
13267.0,0.5
15218.0,0.5
17609.0,0.5
18231.0,0.5
15260.0,0.5
16910.0,0.5
14669.0,0.5
13871.0,0.5
16592.0,0.5
18168.0,0.5
17585.0,0.5
12766.0,0.5
13610.0,0.5
13317.0,0.5
12678.0,0.5
14388.0,0.5
15976.0,0.5
17218.0,0.5
15834.0,0.5
16712.0,0.5
15046.0,0.5
17284.0,0.5
13615.0,0.5
16444.0,0.5
14583.0,0.5
15674.0,0.5
12731.0,0.5
14227.0,0.5
12481.0,0.5
15874.0,0.5
17593.0,0.5
13764.0,0.5
14175.0,0.5
14498.0,0.5
13599.0,0.5
12359.0,0.5
14243.0,0.5
17612.0,0.5
16081.0,0.5
15031.0,0.5
17509.0,0.5
16005.0,0.5
16722.0,0.5
13566.0,0.5
16839.0,0.5
14878.0,0.5
16525.0,0.5
15755.0,0.5
17921.0,0.5
16335.0,0.5
15353.0,0.5
12838.0,0.5
16719.0,0.5
14710.0,0.5
13381.0,0.5
16360.0,0.5
12417.0,0.5
13015.0,0.5
13373.0,0.5
17017.0,0.5
16340.0,0.5
17931.0,0.5
12971.0,0.5
14723.0,0.5
16745.0,0.5
16065.0,0.5
17504.0,0.5
13777.0,0.5
16520.0,0.5
15164.0,0.5
12662.0,0.5
18178.0,0.5
13838.0,0.5
14587.0,0.5
14112.0,0.5
16458.0,0.5
13246.0,0.5
17618.0,0.5
16725.0,0.5
15502.0,0.5
14704.0,0.5
17050.0,0.5
16743.0,0.5
14709.0,0.5
14221.0,0.5
15301.0,0.5
17348.0,0.5
16180.0,0.5
15708.0,0.5
15426.0,0.5
12613.0,0.5
12757.0,0.5
16795.0,0.5
16374.0,0.5
12744.0,0.5
16258.0,0.5
16121.0,0.5
18096.0,0.5
15860.0,0.5
13983.0,0.5
13136.0,0.5
16770.0,0.5
15993.0,0.5
17690.0,0.5
15013.0,0.5
16401.0,0.5
16126.0,0.5
13842.0,0.5
17550.0,0.5
15002.0,0.5
16466.0,0.5
16497.0,0.5
16085.0,0.5
14735.0,0.5
16523.0,0.5
14092.0,0.5
13542.0,0.5
15494.0,0.5
17858.0,0.5
14062.0,0.5
14299.0,0.5
18077.0,0.5
18075.0,0.5
15003.0,0.5
14506.0,0.5
13654.0,0.5
15321.0,0.5
12749.0,0.5
16928.0,0.5
14952.0,0.5
16755.0,0.5
18036.0,0.5
17571.0,0.5
13327.0,0.5
17651.0,0.5
17813.0,0.5
14524.0,0.5
16767.0,0.5
15955.0,0.5
14210.0,0.5
18145.0,0.5
13815.0,0.5
14514.0,0.5
12708.0,0.5
14766.0,0.5
15203.0,0.5
14733.0,0.5
16735.0,0.5
17644.0,0.5
15093.0,0.5
13901.0,0.5
13291.0,0.5
17700.0,0.5
12758.0,0.5
14573.0,0.5
15421.0,0.5
16372.0,0.5
14532.0,0.5
13756.0,0.5
15527.0,0.5
15514.0,0.5
14277.0,0.5
13259.0,0.5
12633.0,0.5
14852.0,0.5
15144.0,0.5
14994.0,0.5
16347.0,0.5
15641.0,0.5
17994.0,0.5
14472.0,0.5
16168.0,0.5
17463.0,0.5
17146.0,0.5
16265.0,0.5
13115.0,0.5
16279.0,0.5
17211.0,0.5
15015.0,0.5
16225.0,0.5
16316.0,0.5
14258.0,0.5
16391.0,0.5
15167.0,0.5
15889.0,0.5
12759.0,0.5
16709.0,0.5
14810.0,0.5
12378.0,0.5
13426.0,0.5
14841.0,0.5
12577.0,0.5
14903.0,0.5
14653.0,0.5
16253.0,0.5
13198.0,0.5
16717.0,0.5
16187.0,0.5
12357.0,0.5
17613.0,0.5
17634.0,0.5
16553.0,0.5
14639.0,0.5
13623.0,0.5
14154.0,0.5
14051.0,0.5
12626.0,0.5
14944.0,0.5
14105.0,0.5
15427.0,0.5
17442.0,0.5
14978.0,0.5
13209.0,0.5
18065.0,0.5
16607.0,0.5
16010.0,0.5
17228.0,0.5
16652.0,0.5
14493.0,0.5
13266.0,0.5
18257.0,0.5
13077.0,0.5
13659.0,0.5
15179.0,0.5
16125.0,0.5
14462.0,0.5
15716.0,0.5
15665.0,0.5
15272.0,0.5
12428.0,0.5
17323.0,0.5
14623.0,0.5
12779.0,0.5
14930.0,0.5
17404.0,0.5
13883.0,0.5
14180.0,0.5
14651.0,0.5
13124.0,0.5
17213.0,0.5
17084.0,0.5
13510.0,0.5
15367.0,0.5
15628.0,0.5
15981.0,0.5
13758.0,0.5
14844.0,0.5
16014.0,0.5
17719.0,0.5
14825.0,0.5
15058.0,0.5
18196.0,0.5
17730.0,0.5
16992.0,0.5
14161.0,0.5
14625.0,0.5
15290.0,0.5
16933.0,0.5
16701.0,0.5
14711.0,0.5
17790.0,0.5
14249.0,0.5
13931.0,0.5
12409.0,0.5
12854.0,0.5
13384.0,0.5
13988.0,0.5
13875.0,0.5
13769.0,0.5
17321.0,0.5
15483.0,0.5
15673.0,0.5
17314.0,0.5
13421.0,0.5
17289.0,0.5
16883.0,0.5
13742.0,0.5
14341.0,0.5
14507.0,0.5
13993.0,0.5
16400.0,0.5
13362.0,0.5
13090.0,0.5
12380.0,0.5
14432.0,0.5
15796.0,0.5
14732.0,0.5
17419.0,0.5
15379.0,0.5
12931.0,0.5
15024.0,0.5
15819.0,0.5
14307.0,0.5
12712.0,0.5
17897.0,0.5
16728.0,0.5
15572.0,0.5
12536.0,0.5
12926.0,0.5
15850.0,0.5
15466.0,0.5
17203.0,0.5
13491.0,0.5
17469.0,0.5
17545.0,0.5
14896.0,0.5
17069.0,0.5
16303.0,0.5
15911.0,0.5
15764.0,0.5
15125.0,0.5
14543.0,0.5
15351.0,0.5
14189.0,0.5
13139.0,0.5
15291.0,0.5
12615.0,0.5
16474.0,0.5
14898.0,0.5
15051.0,0.5
17138.0,0.5
17652.0,0.5
17863.0,0.5
14467.0,0.5
14553.0,0.5
13110.0,0.5
15580.0,0.5
15465.0,0.5
16208.0,0.5
14211.0,0.5
13208.0,0.5
16348.0,0.5
13157.0,0.5
15827.0,0.5
16875.0,0.5
14808.0,0.5
16461.0,0.5
16156.0,0.5
12721.0,0.5
16150.0,0.5
16775.0,0.5
14540.0,0.5
13576.0,0.5
15811.0,0.5
16805.0,0.5
16570.0,0.5
17974.0,0.5
14396.0,0.5
15453.0,0.5
14934.0,0.5
12523.0,0.5
17406.0,0.5
13052.0,0.5
14913.0,0.5
16477.0,0.5
17001.0,0.5
16571.0,0.5
14334.0,0.5
16271.0,0.5
13971.0,0.5
13958.0,0.5
17032.0,0.5
14401.0,0.5
13162.0,0.5
15251.0,0.5
14907.0,0.5
14060.0,0.5
15916.0,0.5
16320.0,0.5
15785.0,0.5
13911.0,0.5
12362.0,0.5
13719.0,0.5
17984.0,0.5
16511.0,0.5
15240.0,0.5
17432.0,0.5
16104.0,0.5
16221.0,0.5
17838.0,0.5
16016.0,0.5
13870.0,0.5
16987.0,0.5
13037.0,0.5
13276.0,0.5
16206.0,0.5
14257.0,0.5
14004.0,0.5
13048.0,0.5
15965.0,0.5
12747.0,0.5
14107.0,0.5
16012.0,0.5
13544.0,0.5
15189.0,0.5
16905.0,0.5
16300.0,0.5
14740.0,0.5
15038.0,0.5
12524.0,0.5
15696.0,0.5
16521.0,0.5
13982.0,0.5
16008.0,0.5
14659.0,0.5
12933.0,0.5
12911.0,0.5
17663.0,0.5
16515.0,0.5
15122.0,0.5
13700.0,0.5
15365.0,0.5
14988.0,0.5
15228.0,0.5
17667.0,0.5
14343.0,0.5
15769.0,0.5
14817.0,0.5
13611.0,0.5
17851.0,0.5
17508.0,0.5
15800.0,0.5
15644.0,0.5
14869.0,0.5
15574.0,0.5
14209.0,0.5
16191.0,0.5
15416.0,0.5
17259.0,0.5
16732.0,0.5
14739.0,0.5
14344.0,0.5
16153.0,0.5
14224.0,0.5
13014.0,0.5
12395.0,0.5
13214.0,0.5
13561.0,0.5
15339.0,0.5
15804.0,0.5
15542.0,0.5
12843.0,0.5
13505.0,0.5
13481.0,0.5
15456.0,0.5
12455.0,0.5
12782.0,0.5
16942.0,0.5
13552.0,0.5
15983.0,0.5
15550.0,0.5
12656.0,0.5
13995.0,0.5
16609.0,0.5
16131.0,0.5
15325.0,0.5
17230.0,0.5
16057.0,0.5
12970.0,0.5
13782.0,0.5
12935.0,0.5
14064.0,0.5
17472.0,0.5
15680.0,0.5
16367.0,0.5
16809.0,0.5
13021.0,0.5
16841.0,0.5
13849.0,0.5
14854.0,0.5
16370.0,0.5
17827.0,0.5
15523.0,0.5
14686.0,0.5
15152.0,0.5
14130.0,0.5
16210.0,0.5
15854.0,0.5
17969.0,0.5
14584.0,0.5
13658.0,0.5
17341.0,0.5
12360.0,0.5
15068.0,0.5
17368.0,0.5
14857.0,0.5
15436.0,0.5
14446.0,0.5
13126.0,0.5
13771.0,0.5
17422.0,0.5
15480.0,0.5
16889.0,0.5
16503.0,0.5
14590.0,0.5
17728.0,0.5
15394.0,0.5
13340.0,0.5
14239.0,0.5
12982.0,0.5
13032.0,0.5
14607.0,0.5
13446.0,0.5
14837.0,0.5
16906.0,0.5
17738.0,0.5
14032.0,0.5
14529.0,0.5
17412.0,0.5
12700.0,0.5
16985.0,0.5
12347.0,0.5
15573.0,0.5
17672.0,0.5
14776.0,0.5
17908.0,0.5
16013.0,0.5
14282.0,0.5
14499.0,0.5
16032.0,0.5
16293.0,0.5
13213.0,0.5
12553.0,0.5
14626.0,0.5
18272.0,0.5
13554.0,0.5
17555.0,0.5
17604.0,0.5
16455.0,0.5
14135.0,0.5
15129.0,0.5
15563.0,0.5
14855.0,0.5
12482.0,0.5
14656.0,0.5
13280.0,0.5
16103.0,0.5
12877.0,0.5
13523.0,0.5
13520.0,0.5
15704.0,0.5
13632.0,0.5
14177.0,0.5
14375.0,0.5
12480.0,0.5
17646.0,0.5
13243.0,0.5
16143.0,0.5
16727.0,0.5
15707.0,0.5
13821.0,0.5
12517.0,0.5
17282.0,0.5
17754.0,0.5
16407.0,0.5
16554.0,0.5
17797.0,0.5
17796.0,0.5
12594.0,0.5
12597.0,0.5
13240.0,0.5
13567.0,0.5
12607.0,0.5
13503.0,0.5
17888.0,0.5
13443.0,0.5
15701.0,0.5
15506.0,0.5
12627.0,0.5
13059.0,0.5
12370.0,0.5
16744.0,0.5
14292.0,0.5
14640.0,0.5
16954.0,0.5
17063.0,0.5
17071.0,0.5
16501.0,0.5
17043.0,0.5
16101.0,0.5
13173.0,0.5
13880.0,0.5
14770.0,0.5
16351.0,0.5
15676.0,0.5
14850.0,0.5
17567.0,0.5
16205.0,0.5
16053.0,0.5
15114.0,0.5
14556.0,0.5
13562.0,0.5
16426.0,0.5
17528.0,0.5
14685.0,0.5
17096.0,0.5
14178.0,0.5
14399.0,0.5
13211.0,0.5
12511.0,0.5
15722.0,0.5
18204.0,0.5
17623.0,0.5
14560.0,0.5
16898.0,0.5
17512.0,0.5
15810.0,0.5
15265.0,0.5
14465.0,0.5
15452.0,0.5
16894.0,0.5
16983.0,0.5
15757.0,0.5
17682.0,0.5
14953.0,0.5
15255.0,0.5
17015.0,0.5
14466.0,0.5
18044.0,0.5
17190.0,0.5
15012.0,0.5
12856.0,0.5
15584.0,0.5
12753.0,0.5
18106.0,0.5
15756.0,0.5
17293.0,0.5
17519.0,0.5
13722.0,0.5
17204.0,0.5
13107.0,0.5
14442.0,0.5
15270.0,0.5
12625.0,0.5
17075.0,0.5
12589.0,0.5
17145.0,0.5
18009.0,0.5
12631.0,0.5
17962.0,0.5
17097.0,0.5
13042.0,0.5
13601.0,0.5
15241.0,0.5
17685.0,0.5
16818.0,0.5
15838.0,0.5
13548.0,0.5
15633.0,0.5
14191.0,0.5
14404.0,0.5
18229.0,0.5
16880.0,0.5
12951.0,0.5
15006.0,0.5
15276.0,0.5
16128.0,0.5
17255.0,0.5
12727.0,0.5
14482.0,0.5
14868.0,0.5
14204.0,0.5
13199.0,0.5
13831.0,0.5
18219.0,0.5
14071.0,0.5
16726.0,0.5
16440.0,0.5
13285.0,0.5
12840.0,0.5
13425.0,0.5
16332.0,0.5
12391.0,0.5
16229.0,0.5
16445.0,0.5
14312.0,0.5
14134.0,0.5
15791.0,0.5
17027.0,0.5
17322.0,0.5
12635.0,0.5
15879.0,0.5
17515.0,0.5
12928.0,0.5
15906.0,0.5
14419.0,0.5
14670.0,0.5
17725.0,0.5
17722.0,0.5
15235.0,0.5
15067.0,0.5
16907.0,0.5
17997.0,0.5
15990.0,0.5
14657.0,0.5
13305.0,0.5
17873.0,0.5
15625.0,0.5
17591.0,0.5
13196.0,0.5
15154.0,0.5
15974.0,0.5
16718.0,0.5
15484.0,0.5
13313.0,0.5
12609.0,0.5
16442.0,0.5
12422.0,0.5
12623.0,0.5
13316.0,0.5
17949.0,0.5
16464.0,0.5
13168.0,0.5
14541.0,0.5
17402.0,0.5
13854.0,0.5
14748.0,0.5
15996.0,0.5
15845.0,0.5
15329.0,0.5
17288.0,0.5
12916.0,0.5
16823.0,0.5
15823.0,0.5
13884.0,0.5
17345.0,0.5
16768.0,0.5
13614.0,0.5
17829.0,0.5
17750.0,0.5
17201.0,0.5
16986.0,0.5
17113.0,0.5
12688.0,0.5
15073.0,0.5
12876.0,0.5
13888.0,0.5
16798.0,0.5
12473.0,0.5
12408.0,0.5
15747.0,0.5
17082.0,0.5
17241.0,0.5
17822.0,0.5
18016.0,0.5
18125.0,0.5
15065.0,0.5
17610.0,0.5
13963.0,0.5
16062.0,0.5
18122.0,0.5
16912.0,0.5
16693.0,0.5
17516.0,0.5
16416.0,0.5
14038.0,0.5
14662.0,0.5
12909.0,0.5
16612.0,0.5
12371.0,0.5
17081.0,0.5
13439.0,0.5
13635.0,0.5
13650.0,0.5
14700.0,0.5
17987.0,0.5
13804.0,0.5
17137.0,0.5
17886.0,0.5
12562.0,0.5
17848.0,0.5
16837.0,0.5
15596.0,0.5
17950.0,0.5
16754.0,0.5
17837.0,0.5
15579.0,0.5
14217.0,0.5
13557.0,0.5
16353.0,0.5
13192.0,0.5
15312.0,0.5
12978.0,0.5
17692.0,0.5
16560.0,0.5
13728.0,0.5
13151.0,0.5
13232.0,0.5
16094.0,0.5
12645.0,0.5
16434.0,0.5
15632.0,0.5
16895.0,0.5
12468.0,0.5
15306.0,0.5
13588.0,0.5
15939.0,0.5
12733.0,0.5
17141.0,0.5
14321.0,0.5
14565.0,0.5
13485.0,0.5
15410.0,0.5
15549.0,0.5
17360.0,0.5
15373.0,0.5
12530.0,0.5
17860.0,0.5
14309.0,0.5
13184.0,0.5
12598.0,0.5
17768.0,0.5
14692.0,0.5
12501.0,0.5
13477.0,0.5
16045.0,0.5
17870.0,0.5
17608.0,0.5
14215.0,0.5
14665.0,0.5
12865.0,0.5
14871.0,0.5
15062.0,0.5
17381.0,0.5
15215.0,0.5
15606.0,0.5
17179.0,0.5
13577.0,0.5
13203.0,0.5
14842.0,0.5
13055.0,0.5
16003.0,0.5
18039.0,0.5
14592.0,0.5
15222.0,0.5
13959.0,0.5
12937.0,0.5
16411.0,0.5
17491.0,0.5
12853.0,0.5
16626.0,0.5
14179.0,0.5
16418.0,0.5
15712.0,0.5
14290.0,0.5
18287.0,0.5
18241.0,0.5
17470.0,0.5
13862.0,0.5
13707.0,0.5
13183.0,0.5
17051.0,0.5
12520.0,0.5
16341.0,0.5
15491.0,0.5
16784.0,0.5
14824.0,0.5
15464.0,0.5
14971.0,0.5
14382.0,0.5
16485.0,0.5
15004.0,0.5
15799.0,0.5
12510.0,0.5
12976.0,0.5
15332.0,0.5
17460.0,0.5
14552.0,0.5
17188.0,0.5
16656.0,0.5
13320.0,0.5
13813.0,0.5
13117.0,0.5
15288.0,0.5
13823.0,0.5
12377.0,0.5
17044.0,0.5
15817.0,0.5
13464.0,0.5
13895.0,0.5
17320.0,0.5
18198.0,0.5
12500.0,0.5
12820.0,0.5
14481.0,0.5
16499.0,0.5
14487.0,0.5
16098.0,0.5
15079.0,0.5
14441.0,0.5
17764.0,0.5
12423.0,0.5
14577.0,0.5
17552.0,0.5
17739.0,0.5
14235.0,0.5
15245.0,0.5
15407.0,0.5
14078.0,0.5
16748.0,0.5
12576.0,0.5
12701.0,0.5
16950.0,0.5
14508.0,0.5
16736.0,0.5
16533.0,0.5
14047.0,0.5
17539.0,0.5
17905.0,0.5
13662.0,0.5
12502.0,0.5
14132.0,0.5
14745.0,0.5
15957.0,0.5
17358.0,0.5
17362.0,0.5
14087.0,0.5
13012.0,0.5
16218.0,0.5
15326.0,0.5
13338.0,0.5
14346.0,0.5
17561.0,0.5
17164.0,0.5
14170.0,0.5
16325.0,0.5
14469.0,0.5
15370.0,0.5
16222.0,0.5
16415.0,0.5
15551.0,0.5
16807.0,0.5
15953.0,0.5
17702.0,0.5
16777.0,0.5
12849.0,0.5
17669.0,0.5
17465.0,0.5
13437.0,0.5
14276.0,0.5
16392.0,0.5
16934.0,0.5
14048.0,0.5
13595.0,0.5
13517.0,0.5
14547.0,0.5
13994.0,0.5
17814.0,0.5
15142.0,0.5
12726.0,0.5
14549.0,0.5
16108.0,0.5
15425.0,0.5
15870.0,0.5
17047.0,0.5
16858.0,0.5
13538.0,0.5
15917.0,0.5
12444.0,0.5
12449.0,0.5
12986.0,0.5
13652.0,0.5
14918.0,0.5
14515.0,0.5
13851.0,0.5
12802.0,0.5
16354.0,0.5
16036.0,0.5
14676.0,0.5
15569.0,0.5
12356.0,0.5
14916.0,0.5
14867.0,0.5
12483.0,0.5
15789.0,0.5
16261.0,0.5
16147.0,0.5
12826.0,0.5
18242.0,0.5
13324.0,0.5
13450.0,0.5
18181.0,0.5
15025.0,0.5
14479.0,0.5
14387.0,0.5
15972.0,0.5
17979.0,0.5
15026.0,0.5
14813.0,0.5
15366.0,0.5
12388.0,0.5
17073.0,0.5
14443.0,0.5
17157.0,0.5
17109.0,0.5
13152.0,0.5
13131.0,0.5
14256.0,0.5
12578.0,0.5
17676.0,0.5
14754.0,0.5
14696.0,0.5
16817.0,0.5
13495.0,0.5
15620.0,0.5
14758.0,0.5
18079.0,0.5
18097.0,0.5
16678.0,0.5
16676.0,0.5
14035.0,0.5
15660.0,0.5
15754.0,0.5
14152.0,0.5
12685.0,0.5
16469.0,0.5
14104.0,0.5
17659.0,0.5
18252.0,0.5
14621.0,0.5
17444.0,0.5
17999.0,0.5
15535.0,0.5
18092.0,0.5
18057.0,0.5
17350.0,0.5
12955.0,0.5
12868.0,0.5
17135.0,0.5
14315.0,0.5
15751.0,0.5
13082.0,0.5
17597.0,0.5
14719.0,0.5
16932.0,0.5
15402.0,0.5
16284.0,0.5
15105.0,0.5
16531.0,0.5
14866.0,0.5
15511.0,0.5
12569.0,0.5
16774.0,0.5
13627.0,0.5
15128.0,0.5
16638.0,0.5
17366.0,0.5
14729.0,0.5
12743.0,0.5
15978.0,0.5
12862.0,0.5
18094.0,0.5
15795.0,0.5
13478.0,0.5
17147.0,0.5
15434.0,0.5
12412.0,0.5
15201.0,0.5
16017.0,0.5
15089.0,0.5
16086.0,0.5
14598.0,0.5
14544.0,0.5
16859.0,0.5
13431.0,0.5
15050.0,0.5
15123.0,0.5
15687.0,0.5
13365.0,0.5
13755.0,0.5
17629.0,0.5
12910.0,0.5
13857.0,0.5
14899.0,0.5
12456.0,0.5
17311.0,0.5
12600.0,0.5
16903.0,0.5
14205.0,0.5
13890.0,0.5
14439.0,0.5
16428.0,0.5
17777.0,0.5
16177.0,0.5
14474.0,0.5
16529.0,0.5
16040.0,0.5
15182.0,0.5
14428.0,0.5
15530.0,0.5
13422.0,0.5
17787.0,0.5
13507.0,0.5
14379.0,0.5
16899.0,0.5
13134.0,0.5
17968.0,0.5
15694.0,0.5
16054.0,0.5
13717.0,0.5
13956.0,0.5
14790.0,0.5
12429.0,0.5
14970.0,0.5
17454.0,0.5
15095.0,0.5
16776.0,0.5
17236.0,0.5
12397.0,0.5
18170.0,0.5
15812.0,0.5
16021.0,0.5
16202.0,0.5
17648.0,0.5
13474.0,0.5
12687.0,0.5
15865.0,0.5
13908.0,0.5
17269.0,0.5
17732.0,0.5
16435.0,0.5
14998.0,0.5
18230.0,0.5
14234.0,0.5
13329.0,0.5
16539.0,0.5
16290.0,0.5
14675.0,0.5
16657.0,0.5
16723.0,0.5
15602.0,0.5
12963.0,0.5
14595.0,0.5
15157.0,0.5
13569.0,0.5
16706.0,0.5
16223.0,0.5
17582.0,0.5
16350.0,0.5
16365.0,0.5
13655.0,0.5
15723.0,0.5
12644.0,0.5
15885.0,0.5
15406.0,0.5
12857.0,0.5
16412.0,0.5
17265.0,0.5
13761.0,0.5
17115.0,0.5
12649.0,0.5
17062.0,0.5
16922.0,0.5
13647.0,0.5
13607.0,0.5
17720.0,0.5
16871.0,0.5
16235.0,0.5
18188.0,0.5
14901.0,0.5
18061.0,0.5
14440.0,0.5
17864.0,0.5
16608.0,0.5
15422.0,0.5
12724.0,0.5
15252.0,0.5
15826.0,0.5
16359.0,0.5
13118.0,0.5
15901.0,0.5
16801.0,0.5
16358.0,0.5
17189.0,0.5
13225.0,0.5
15227.0,0.5
15384.0,0.5
14408.0,0.5
15117.0,0.5
14113.0,0.5
13760.0,0.5
17244.0,0.5
15220.0,0.5
12556.0,0.5
14555.0,0.5
15036.0,0.5
14414.0,0.5
12573.0,0.5
12599.0,0.5
16190.0,0.5
15658.0,0.5
15111.0,0.5
14232.0,0.5
16317.0,0.5
15497.0,0.5
13455.0,0.5
14634.0,0.5
13786.0,0.5
16619.0,0.5
16720.0,0.5
13725.0,0.5
17854.0,0.5
12975.0,0.5
15987.0,0.5
16916.0,0.5
15980.0,0.5
13435.0,0.5
16493.0,0.5
14417.0,0.5
16600.0,0.5
14360.0,0.5
15503.0,0.5
12948.0,0.5
17083.0,0.5
14744.0,0.5
13330.0,0.5
14127.0,0.5
12531.0,0.5
17817.0,0.5
16812.0,0.5
13501.0,0.5
16369.0,0.5
13344.0,0.5
13799.0,0.5
17272.0,0.5
17889.0,0.5
16224.0,0.5
16042.0,0.5
15376.0,0.5
18001.0,0.5
16496.0,0.5
12755.0,0.5
13092.0,0.5
14966.0,0.5
16076.0,0.5
15607.0,0.5
16555.0,0.5
17731.0,0.5
15730.0,0.5
14167.0,0.5
17158.0,0.5
12901.0,0.5
14037.0,0.5
14715.0,0.5
16460.0,0.5
17603.0,0.5
12675.0,0.5
15446.0,0.5
16672.0,0.5
12406.0,0.5
13309.0,0.5
15482.0,0.5
17324.0,0.5
13546.0,0.5
15489.0,0.5
14247.0,0.5
14459.0,0.5
16714.0,0.5
16385.0,0.5
13648.0,0.5
15140.0,0.5
14564.0,0.5
15915.0,0.5
12352.0,0.5
13415.0,0.5
17966.0,0.5
16172.0,0.5
17222.0,0.5
14245.0,0.5
14381.0,0.5
13155.0,0.5
18025.0,0.5
16787.0,0.5
13684.0,0.5
12393.0,0.5
13693.0,0.5
13704.0,0.5
16633.0,0.5
12435.0,0.5
16510.0,0.5
17988.0,0.5
17143.0,0.5
15774.0,0.5
16324.0,0.5
14585.0,0.5
14454.0,0.5
13432.0,0.5
12997.0,0.5
17459.0,0.5
16611.0,0.5
16275.0,0.5
15248.0,0.5
17003.0,0.5
14548.0,0.5
14389.0,0.5
14897.0,0.5
12399.0,0.5
17114.0,0.5
16105.0,0.5
15710.0,0.5
15994.0,0.5
15995.0,0.5
14805.0,0.5
14305.0,0.5
17963.0,0.5
13278.0,0.5
13224.0,0.5
13644.0,0.5
17299.0,0.5
15907.0,0.5
14496.0,0.5
14068.0,0.5
13476.0,0.5
16266.0,0.5
12432.0,0.5
14605.0,0.5
18251.0,0.5
16345.0,0.5
16232.0,0.5
17642.0,0.5
12965.0,0.5
13617.0,0.5
15623.0,0.5
13649.0,0.5
14136.0,0.5
14160.0,0.5
15016.0,0.5
17227.0,0.5
18151.0,0.5
16742.0,0.5
14690.0,0.5
14504.0,0.5
17048.0,0.5
15920.0,0.5
14673.0,0.5
13643.0,0.5
12349.0,0.5
16634.0,0.5
14327.0,0.5
12725.0,0.5
14083.0,0.5
13665.0,0.5
12778.0,0.5
13677.0,0.5
15253.0,0.5
12494.0,0.5
16980.0,0.5
13642.0,0.5
14672.0,0.5
14563.0,0.5
15392.0,0.5
17679.0,0.5
17853.0,0.5
17584.0,0.5
14409.0,0.5
15985.0,0.5
13140.0,0.5
16329.0,0.5
15041.0,0.5
14818.0,0.5
13156.0,0.5
17409.0,0.5
13824.0,0.5
13819.0,0.5
17041.0,0.5
18235.0,0.5
18034.0,0.5
14186.0,0.5
17594.0,0.5
17248.0,0.5
14492.0,0.5
15369.0,0.5
14001.0,0.5
17070.0,0.5
15608.0,0.5
17165.0,0.5
13297.0,0.5
17633.0,0.5
13711.0,0.5
12418.0,0.5
17800.0,0.5
15652.0,0.5
15736.0,0.5
12947.0,0.5
12582.0,0.5
12669.0,0.5
17006.0,0.5
13591.0,0.5
15732.0,0.5
14828.0,0.5
13294.0,0.5
16792.0,0.5
13878.0,0.5
14025.0,0.5
13939.0,0.5
17505.0,0.5
17214.0,0.5
17061.0,0.5
13663.0,0.5
17095.0,0.5
16023.0,0.5
16887.0,0.5
17649.0,0.5
16134.0,0.5
17354.0,0.5
12383.0,0.5
16231.0,0.5
12940.0,0.5
18177.0,0.5
12676.0,0.5
17823.0,0.5
14489.0,0.5
17290.0,0.5
16394.0,0.5
16625.0,0.5
16362.0,0.5
15605.0,0.5
13158.0,0.5
14452.0,0.5
14293.0,0.5
13637.0,0.5
15932.0,0.5
14304.0,0.5
13949.0,0.5
17429.0,0.5
17862.0,0.5
13891.0,0.5
12610.0,0.5
17705.0,0.5
16869.0,0.5
17655.0,0.5
17088.0,0.5
15505.0,0.5
18179.0,0.5
16175.0,0.5
15334.0,0.5
15485.0,0.5
14986.0,0.5
15032.0,0.5
13091.0,0.5
17812.0,0.5
13159.0,0.5
17952.0,0.5
16031.0,0.5
17964.0,0.5
17614.0,0.5
16214.0,0.5
16650.0,0.5
13154.0,0.5
16330.0,0.5
15880.0,0.5
14421.0,0.5
14420.0,0.5
15903.0,0.5
12585.0,0.5
12424.0,0.5
15279.0,0.5
16926.0,0.5
15028.0,0.5
16769.0,0.5
18180.0,0.5
18276.0,0.5
14920.0,0.5
18008.0,0.5
16618.0,0.5
16628.0,0.5
15081.0,0.5
16885.0,0.5
13695.0,0.5
16129.0,0.5
17490.0,0.5
13583.0,0.5
16780.0,0.5
13900.0,0.5
14413.0,0.5
15841.0,0.5
18239.0,0.5
14716.0,0.5
16546.0,0.5
17332.0,0.5
12932.0,0.5
15048.0,0.5
15912.0,0.5
13371.0,0.5
15146.0,0.5
16750.0,0.5
15855.0,0.5
12425.0,0.5
18087.0,0.5
17028.0,0.5
12870.0,0.5
14861.0,0.5
13239.0,0.5
13787.0,0.5
13752.0,0.5
15027.0,0.5
15988.0,0.5
17580.0,0.5
13740.0,0.5
13850.0,0.5
16092.0,0.5
18136.0,0.5
16120.0,0.5
18171.0,0.5
17809.0,0.5
16674.0,0.5
16197.0,0.5
17196.0,0.5
15106.0,0.5
16806.0,0.5
17433.0,0.5
13397.0,0.5
12584.0,0.5
18043.0,0.5
13598.0,0.5
14320.0,0.5
16799.0,0.5
12457.0,0.5
12369.0,0.5
14875.0,0.5
13407.0,0.5
14631.0,0.5
13820.0,0.5
17150.0,0.5
13827.0,0.5
15261.0,0.5
15237.0,0.5
17917.0,0.5
13085.0,0.5
18236.0,0.5
14447.0,0.5
16406.0,0.5
16702.0,0.5
14915.0,0.5
17867.0,0.5
17534.0,0.5
17804.0,0.5
13271.0,0.5
17221.0,0.5
15678.0,0.5
15508.0,0.5
17783.0,0.5
14695.0,0.5
16584.0,0.5
14101.0,0.5
13822.0,0.5
18149.0,0.5
13574.0,0.5
17890.0,0.5
17373.0,0.5
14226.0,0.5
14129.0,0.5
15192.0,0.5
16419.0,0.5
16244.0,0.5
12533.0,0.5
15594.0,0.5
14225.0,0.5
16620.0,0.5
13265.0,0.5
16877.0,0.5
13889.0,0.5
17819.0,0.5
16004.0,0.5
17105.0,0.5
17162.0,0.5
13656.0,0.5
14021.0,0.5
14831.0,0.5
18215.0,0.5
16563.0,0.5
16117.0,0.5
14262.0,0.5
13337.0,0.5
17930.0,0.5
15322.0,0.5
17142.0,0.5
15700.0,0.5
14533.0,0.5
13553.0,0.5
12674.0,0.5
15289.0,0.5
13027.0,0.5
12809.0,0.5
12739.0,0.5
13738.0,0.5
15611.0,0.5
17807.0,0.5
15807.0,0.5
14714.0,0.5
12463.0,0.5
14736.0,0.5
16246.0,0.5
15468.0,0.5
12837.0,0.5
13920.0,0.5
13539.0,0.5
18189.0,0.5
16124.0,0.5
15173.0,0.5
17042.0,0.5
15590.0,0.5
17544.0,0.5
16551.0,0.5
17507.0,0.5
16491.0,0.5
16921.0,0.5
17375.0,0.5
16387.0,0.5
13573.0,0.5
16893.0,0.5
17090.0,0.5
13304.0,0.5
14655.0,0.5
18049.0,0.5
16438.0,0.5
16835.0,0.5
13941.0,0.5
14722.0,0.5
16952.0,0.5
17329.0,0.5
16951.0,0.5
17252.0,0.5
14682.0,0.5
14628.0,0.5
15989.0,0.5
13201.0,0.5
12939.0,0.5
17356.0,0.5
16398.0,0.5
13989.0,0.5
14829.0,0.5
13382.0,0.5
12653.0,0.5
12886.0,0.5
13475.0,0.5
13506.0,0.5
18098.0,0.5
14412.0,0.5
17526.0,0.5
16441.0,0.5
17326.0,0.5
12619.0,0.5
16574.0,0.5
17734.0,0.5
14198.0,0.5
17159.0,0.5
14503.0,0.5
17002.0,0.5
17977.0,0.5
17046.0,0.5
17714.0,0.5
13984.0,0.5
13558.0,0.5
15614.0,0.5
12972.0,0.5
17349.0,0.5
13955.0,0.5
17169.0,0.5
14431.0,0.5
13584.0,0.5
15561.0,0.5
18210.0,0.5
17742.0,0.5
16259.0,0.5
12398.0,0.5
16848.0,0.5
13186.0,0.5
15172.0,0.5
14080.0,0.5
15952.0,0.5
13629.0,0.5
12514.0,0.5
12694.0,0.5
14756.0,0.5
14125.0,0.5
16730.0,0.5
14629.0,0.5
17852.0,0.5
12458.0,0.5
17242.0,0.5
12592.0,0.5
17756.0,0.5
12381.0,0.5
12586.0,0.5
12703.0,0.5
13667.0,0.5
16936.0,0.5
12988.0,0.5
15141.0,0.5
14738.0,0.5
12528.0,0.5
17514.0,0.5
12560.0,0.5
17871.0,0.5
18144.0,0.5
18047.0,0.5
13471.0,0.5
12693.0,0.5
16296.0,0.5
15798.0,0.5
14985.0,0.5
13919.0,0.5
15626.0,0.5
15214.0,0.5
18101.0,0.5
14264.0,0.5
17529.0,0.5
16756.0,0.5
16972.0,0.5
12379.0,0.5
14909.0,0.5
17660.0,0.5
17656.0,0.5
15076.0,0.5
15471.0,0.5
12426.0,0.5
17801.0,0.5
17878.0,0.5
15064.0,0.5
16009.0,0.5
15055.0,0.5
14965.0,0.5
13395.0,0.5
13301.0,0.5
13814.0,0.5
16639.0,0.5
17765.0,0.5
16631.0,0.5
13377.0,0.5
16015.0,0.5
12670.0,0.5
16176.0,0.5
13363.0,0.5
17776.0,0.5
16384.0,0.5
17694.0,0.5
14905.0,0.5
15630.0,0.5
16163.0,0.5
15814.0,0.5
15476.0,0.5
13797.0,0.5
16772.0,0.5
15872.0,0.5
17343.0,0.5
17405.0,0.5
13713.0,0.5
17251.0,0.5
14490.0,0.5
16593.0,0.5
15900.0,0.5
13924.0,0.5
14455.0,0.5
16066.0,0.5
13935.0,0.5
13753.0,0.5
17869.0,0.5
15787.0,0.5
15545.0,0.5
15968.0,0.5
15134.0,0.5
17780.0,0.5
16669.0,0.5
12605.0,0.5
13803.0,0.5
16233.0,0.5
12844.0,0.5
13402.0,0.5
13310.0,0.5
14265.0,0.5
17639.0,0.5
14599.0,0.5
12993.0,0.5
17167.0,0.5
15921.0,0.5
14512.0,0.5
12710.0,0.5
13727.0,0.5
14229.0,0.5
13692.0,0.5
17744.0,0.5
14551.0,0.5
17703.0,0.5
16830.0,0.5
16006.0,0.5
13467.0,0.5
13138.0,0.5
17518.0,0.5
15000.0,0.5
17037.0,0.5
14233.0,0.5
12851.0,0.5
13750.0,0.5
18221.0,0.5
14157.0,0.5
16240.0,0.5
13855.0,0.5
16833.0,0.5
12989.0,0.5
14698.0,0.5
12525.0,0.5
12407.0,0.5
17198.0,0.5
14400.0,0.5
14834.0,0.5
16067.0,0.5
14006.0,0.5
17274.0,0.5
15390.0,0.5
15629.0,0.5
16431.0,0.5
13630.0,0.5
16946.0,0.5
14295.0,0.5
13515.0,0.5
14693.0,0.5
16996.0,0.5
14938.0,0.5
13023.0,0.5
14510.0,0.5
13233.0,0.5
16661.0,0.5
12469.0,0.5
14550.0,0.5
16979.0,0.5
14009.0,0.5
16654.0,0.5
14450.0,0.5
17713.0,0.5
14014.0,0.5
12518.0,0.5
14407.0,0.5
12924.0,0.5
12704.0,0.5
15472.0,0.5
15948.0,0.5
18060.0,0.5
18073.0,0.5
16188.0,0.5
13916.0,0.5
13295.0,0.5
13533.0,0.5
16307.0,0.5
17588.0,0.5
13531.0,0.5
13253.0,0.5
16854.0,0.5
17635.0,0.5
14246.0,0.5
16127.0,0.5
15600.0,0.5
14433.0,0.5
13287.0,0.5
13863.0,0.5
16254.0,0.5
15828.0,0.5
17131.0,0.5
16653.0,0.5
14114.0,0.5
17054.0,0.5
14794.0,0.5
15664.0,0.5
17671.0,0.5
12439.0,0.5
17411.0,0.5
16658.0,0.5
12434.0,0.5
16884.0,0.5
12516.0,0.5
17496.0,0.5
17619.0,0.5
14250.0,0.5
16991.0,0.5
17264.0,0.5
14839.0,0.5
13703.0,0.5
17708.0,0.5
14976.0,0.5
17499.0,0.5
13360.0,0.5
16111.0,0.5
17438.0,0.5
14206.0,0.5
18078.0,0.5
13293.0,0.5
13393.0,0.5
13874.0,0.5
13109.0,0.5
16815.0,0.5
13459.0,0.5
16527.0,0.5
16636.0,0.5
13800.0,0.5
16071.0,0.5
13064.0,0.5
17554.0,0.5
15737.0,0.5
16043.0,0.5
14231.0,0.5
16037.0,0.5
12784.0,0.5
17601.0,0.5
16637.0,0.5
13375.0,0.5
17624.0,0.5
13846.0,0.5
17302.0,0.5
15074.0,0.5
14904.0,0.5
12590.0,0.5
13473.0,0.5
15677.0,0.5
17945.0,0.5
15113.0,0.5
13462.0,0.5
18071.0,0.5
16749.0,0.5
12717.0,0.5
14575.0,0.5
15639.0,0.5
14013.0,0.5
12454.0,0.5
12885.0,0.5
18193.0,0.5
17457.0,0.5
15525.0,0.5
15303.0,0.5
16022.0,0.5
18268.0,0.5
15057.0,0.5
17883.0,0.5
14644.0,0.5
15349.0,0.5
14727.0,0.5
14691.0,0.5
16518.0,0.5
12402.0,0.5
18259.0,0.5
14958.0,0.5
16588.0,0.5
16167.0,0.5
16083.0,0.5
17132.0,0.5
15959.0,0.5
13387.0,0.5
15069.0,0.5
13440.0,0.5
13388.0,0.5
17235.0,0.5
16306.0,0.5
17578.0,0.5
13202.0,0.5
16379.0,0.5
14823.0,0.5
14838.0,0.5
13167.0,0.5
12546.0,0.5
12960.0,0.5
16900.0,0.5
14188.0,0.5
12358.0,0.5
18286.0,0.5
12942.0,0.5
13026.0,0.5
16958.0,0.5
14214.0,0.5
17392.0,0.5
16099.0,0.5
17298.0,0.5
17753.0,0.5
14284.0,0.5
17277.0,0.5
16935.0,0.5
15478.0,0.5
13486.0,0.5
14139.0,0.5
15149.0,0.5
14821.0,0.5
15104.0,0.5
17351.0,0.5
16399.0,0.5
16212.0,0.5
13579.0,0.5
12684.0,0.5
14561.0,0.5
13166.0,0.5
17004.0,0.5
12783.0,0.5
17771.0,0.5
17223.0,0.5
15801.0,0.5
15501.0,0.5
18161.0,0.5
16601.0,0.5
17020.0,0.5
15646.0,0.5
14364.0,0.5
14870.0,0.5
16249.0,0.5
12915.0,0.5
16336.0,0.5
18277.0,0.5
14663.0,0.5
17786.0,0.5
14570.0,0.5
17007.0,0.5
12591.0,0.5
17344.0,0.5
17451.0,0.5
16413.0,0.5
18064.0,0.5
16173.0,0.5
12765.0,0.5
15254.0,0.5
17640.0,0.5
18202.0,0.5
15418.0,0.5
14478.0,0.5
12987.0,0.5
15681.0,0.5
12742.0,0.5
12775.0,0.5
14019.0,0.5
16447.0,0.5
14267.0,0.5
17522.0,0.5
13176.0,0.5
17978.0,0.5
13428.0,0.5
16203.0,0.5
16209.0,0.5
15210.0,0.5
13835.0,0.5
15809.0,0.5
15666.0,0.5
15054.0,0.5
13902.0,0.5
12855.0,0.5
17996.0,0.5
15831.0,0.5
16292.0,0.5
14679.0,0.5
15671.0,0.5
15444.0,0.5
13705.0,0.5
13980.0,0.5
16978.0,0.5
12806.0,0.5
15019.0,0.5
12648.0,0.5
13299.0,0.5
13221.0,0.5
14128.0,0.5
16451.0,0.5
17779.0,0.5
17935.0,0.5
12967.0,0.5
16790.0,0.5
14741.0,0.5
13532.0,0.5
12804.0,0.5
13461.0,0.5
16915.0,0.5
12385.0,0.5
16140.0,0.5
16096.0,0.5
16056.0,0.5
12396.0,0.5
14643.0,0.5
12754.0,0.5
17371.0,0.5
17434.0,0.5
14052.0,0.5
12611.0,0.5
14664.0,0.5
17726.0,0.5
16174.0,0.5
17306.0,0.5
13000.0,0.5
16773.0,0.5
15958.0,0.5
14082.0,0.5
16274.0,0.5
16707.0,0.5
15504.0,0.5
14847.0,0.5
18160.0,0.5
14856.0,0.5
17531.0,0.5
13417.0,0.5
12639.0,0.5
14734.0,0.5
16842.0,0.5
16471.0,0.5
17521.0,0.5
14116.0,0.5
14272.0,0.5
14193.0,0.5
13149.0,0.5
13671.0,0.5
14169.0,0.5
13636.0,0.5
16825.0,0.5
17542.0,0.5
17932.0,0.5
17175.0,0.5
14171.0,0.5
16463.0,0.5
14877.0,0.5
13808.0,0.5
12534.0,0.5
13744.0,0.5
17266.0,0.5
15763.0,0.5
16699.0,0.5
12866.0,0.5
18031.0,0.5
13775.0,0.5
16201.0,0.5
18093.0,0.5
17579.0,0.5
16264.0,0.5
13065.0,0.5
18011.0,0.5
15743.0,0.5
14891.0,0.5
17101.0,0.5
15559.0,0.5
17843.0,0.5
15821.0,0.5
16644.0,0.5
15839.0,0.5
16685.0,0.5
14350.0,0.5
17058.0,0.5
16314.0,0.5
15886.0,0.5
17568.0,0.5
15440.0,0.5
18132.0,0.5
12751.0,0.5
16386.0,0.5
14882.0,0.5
15022.0,0.5
13856.0,0.5
17155.0,0.5
17695.0,0.5
18085.0,0.5
14619.0,0.5
18214.0,0.5
14397.0,0.5
15309.0,0.5
12952.0,0.5
18143.0,0.5
17832.0,0.5
17967.0,0.5
17064.0,0.5
17194.0,0.5
17759.0,0.5
13872.0,0.5
13359.0,0.5
14959.0,0.5
15863.0,0.5
13873.0,0.5
15882.0,0.5
12728.0,0.5
16361.0,0.5
13234.0,0.5
16838.0,0.5
16381.0,0.5
15918.0,0.5
15108.0,0.5
12475.0,0.5
15243.0,0.5
17980.0,0.5
14223.0,0.5
12998.0,0.5
16892.0,0.5
15101.0,0.5
13936.0,0.5
15372.0,0.5
15091.0,0.5
15599.0,0.5
16947.0,0.5
15451.0,0.5
15280.0,0.5
17207.0,0.5
16629.0,0.5
13867.0,0.5
17237.0,0.5
17086.0,0.5
13929.0,0.5
13292.0,0.5
14301.0,0.5
14355.0,0.5
17664.0,0.5
15891.0,0.5
14775.0,0.5
14995.0,0.5
12711.0,0.5
17456.0,0.5
12923.0,0.5
17537.0,0.5
13005.0,0.5
16366.0,0.5
15651.0,0.5
17993.0,0.5
16356.0,0.5
14383.0,0.5
13497.0,0.5
17631.0,0.5
18048.0,0.5
15695.0,0.5
13235.0,0.5
12616.0,0.5
18203.0,0.5
15577.0,0.5
17226.0,0.5
15169.0,0.5
16278.0,0.5
13897.0,0.5
16414.0,0.5
17133.0,0.5
14336.0,0.5
17998.0,0.5
13191.0,0.5
15145.0,0.5
13466.0,0.5
15706.0,0.5
13646.0,0.5
13745.0,0.5
13639.0,0.5
12980.0,0.5
17828.0,0.5
13314.0,0.5
13613.0,0.5
13781.0,0.5
12446.0,0.5
16572.0,0.5
17834.0,0.5
13479.0,0.5
14820.0,0.5
16643.0,0.5
13723.0,0.5
12364.0,0.5
13300.0,0.5
13500.0,0.5
14163.0,0.5
17233.0,0.5
12580.0,0.5
12497.0,0.5
12354.0,0.5
14326.0,0.5
13602.0,0.5
12977.0,0.5
13379.0,0.5
12421.0,0.5
12805.0,0.5
18051.0,0.5
17421.0,0.5
15187.0,0.5
13748.0,0.5
17990.0,0.5
15338.0,0.5
12526.0,0.5
15457.0,0.5
15439.0,0.5
13019.0,0.5
17976.0,0.5
17014.0,0.5
13946.0,0.5
15792.0,0.5
14801.0,0.5
15264.0,0.5
13030.0,0.5
15437.0,0.5
13444.0,0.5
16102.0,0.5
15259.0,0.5
17590.0,0.5
16034.0,0.5
12979.0,0.5
12785.0,0.5
15441.0,0.5
17621.0,0.5
17749.0,0.5
12722.0,0.5
15151.0,0.5
17615.0,0.5
12913.0,0.5
13308.0,0.5
18035.0,0.5
15636.0,0.5
14890.0,0.5
14201.0,0.5
18062.0,0.5
14285.0,0.5
13204.0,0.5
13187.0,0.5
12620.0,0.5
13414.0,0.5
16402.0,0.5
12550.0,0.5
17361.0,0.5
12695.0,0.5
15420.0,0.5
13545.0,0.5
17560.0,0.5
13549.0,0.5
15411.0,0.5
14075.0,0.5
14077.0,0.5
12811.0,0.5
13046.0,0.5
13212.0,0.5
15543.0,0.5
15460.0,0.5
13976.0,0.5
16018.0,0.5
17810.0,0.5
12890.0,0.5
12679.0,0.5
17276.0,0.5
15522.0,0.5
12772.0,0.5
16228.0,0.5
16536.0,0.5
17258.0,0.5
14671.0,0.5
12905.0,0.5
17183.0,0.5
12803.0,0.5
13039.0,0.5
17480.0,0.5
12643.0,0.5
14725.0,0.5
15822.0,0.5
15962.0,0.5
16961.0,0.5
13516.0,0.5
13333.0,0.5
12673.0,0.5
17773.0,0.5
13937.0,0.5
15553.0,0.5
17388.0,0.5
13122.0,0.5
14108.0,0.5
14020.0,0.5
16130.0,0.5
17376.0,0.5
14947.0,0.5
17301.0,0.5
14050.0,0.5
16122.0,0.5
13526.0,0.5
12405.0,0.5
13339.0,0.5
16949.0,0.5
14600.0,0.5
13691.0,0.5
18090.0,0.5
14645.0,0.5
16245.0,0.5
18187.0,0.5
16270.0,0.5
18140.0,0.5
15071.0,0.5
14819.0,0.5
14912.0,0.5
15713.0,0.5
16704.0,0.5
16334.0,0.5
16269.0,0.5
15782.0,0.5
15832.0,0.5
15745.0,0.5
17562.0,0.5
12652.0,0.5
14005.0,0.5
14484.0,0.5
16955.0,0.5
17410.0,0.5
14596.0,0.5
14815.0,0.5
16159.0,0.5
18258.0,0.5
13220.0,0.5
12994.0,0.5
18237.0,0.5
14338.0,0.5
13763.0,0.5
16594.0,0.5
13368.0,0.5
17396.0,0.5
16480.0,0.5
17210.0,0.5
13121.0,0.5
14398.0,0.5
18066.0,0.5
17045.0,0.5
13605.0,0.5
17303.0,0.5
17482.0,0.5
12752.0,0.5
16524.0,0.5
13376.0,0.5
15066.0,0.5
17912.0,0.5
17882.0,0.5
16802.0,0.5
12917.0,0.5
15176.0,0.5
12413.0,0.5
15433.0,0.5
14480.0,0.5
14475.0,0.5
14921.0,0.5
13296.0,0.5
18002.0,0.5
17792.0,0.5
15295.0,0.5
17992.0,0.5
16667.0,0.5
17760.0,0.5
14181.0,0.5
16734.0,0.5
14332.0,0.5
14859.0,0.5
14000.0,0.5
12372.0,0.5
14182.0,0.5
13612.0,0.5
17161.0,0.5
16204.0,0.5
14511.0,0.5
13832.0,0.5
17420.0,0.5
17437.0,0.5
17839.0,0.5
17307.0,0.5
14470.0,0.5
15180.0,0.5
15211.0,0.5
14067.0,0.5
14261.0,0.5
14759.0,0.5
15837.0,0.5
16888.0,0.5
16765.0,0.5
14538.0,0.5
16623.0,0.5
18126.0,0.5
14948.0,0.5
13101.0,0.5
14798.0,0.5
15199.0,0.5
13175.0,0.5
14166.0,0.5
12348.0,0.5
13336.0,0.5
12801.0,0.5
14624.0,0.5
14615.0,0.5
13945.0,0.5
14260.0,0.5
15132.0,0.5
12373.0,0.5
14597.0,0.5
15246.0,0.5
12945.0,0.5
12507.0,0.5
15043.0,0.5
14365.0,0.5
13354.0,0.5
15109.0,0.5
15314.0,0.5
15803.0,0.5
15878.0,0.5
16861.0,0.5
16182.0,0.5
17785.0,0.5
16917.0,0.5
16243.0,0.5
15992.0,0.5
17106.0,0.5
15829.0,0.5
14922.0,0.5
14065.0,0.5
16448.0,0.5
12696.0,0.5
16155.0,0.5
17840.0,0.5
17849.0,0.5
12545.0,0.5
16668.0,0.5
13492.0,0.5
14216.0,0.5
16494.0,0.5
16355.0,0.5
17219.0,0.5
15244.0,0.5
14026.0,0.5
16262.0,0.5
17898.0,0.5
13991.0,0.5
18007.0,0.5
16141.0,0.5
17076.0,0.5
15835.0,0.5
12374.0,0.5
14771.0,0.5
13641.0,0.5
13262.0,0.5
13679.0,0.5
18156.0,0.5
17057.0,0.5
14699.0,0.5
13780.0,0.5
16868.0,0.5
12874.0,0.5
15448.0,0.5
12958.0,0.5
16465.0,0.5
12863.0,0.5
17110.0,0.5
17023.0,0.5
15618.0,0.5
14979.0,0.5
15110.0,0.5
16681.0,0.5
16614.0,0.5
13708.0,0.5
16937.0,0.5
16677.0,0.5
13487.0,0.5
13563.0,0.5
14236.0,0.5
15133.0,0.5
14370.0,0.5
18248.0,0.5
12389.0,0.5
15815.0,0.5
12438.0,0.5
13286.0,0.5
16119.0,0.5
14873.0,0.5
12486.0,0.5
13165.0,0.5
14894.0,0.5
18108.0,0.5
12549.0,0.5
12557.0,0.5
14488.0,0.5
14359.0,0.5
17527.0,0.5
15380.0,0.5
16624.0,0.5
14568.0,0.5
13456.0,0.5
16863.0,0.5
16136.0,0.5
14142.0,0.5
13770.0,0.5
14554.0,0.5
13275.0,0.5
14647.0,0.5
18095.0,0.5
16924.0,0.5
15429.0,0.5
15847.0,0.5
14753.0,0.5
17021.0,0.5
12638.0,0.5
14306.0,0.5
17393.0,0.5
17271.0,0.5
14883.0,0.5
17193.0,0.5
17270.0,0.5
13429.0,0.5
17173.0,0.5
12792.0,0.5
14460.0,0.5
15107.0,0.5
12842.0,0.5
12588.0,0.5
18018.0,0.5
17111.0,0.5
18112.0,0.5
16834.0,0.5
17034.0,0.5
17112.0,0.5
17116.0,0.5
17229.0,0.5
13543.0,0.5
15469.0,0.5
17540.0,0.5
13086.0,0.5
13016.0,0.5
13410.0,0.5
12346.0,0.5
16975.0,0.5
14002.0,0.5
18247.0,0.5
15933.0,0.5
16089.0,0.5
16118.0,0.5
12505.0,0.5
14458.0,0.5
14352.0,0.5
16357.0,0.5
14248.0,0.5
14968.0,0.5
12906.0,0.5
16602.0,0.5
14022.0,0.5
12730.0,0.5
17477.0,0.5
12878.0,0.5
17874.0,0.5
15415.0,0.5
16846.0,0.5
12808.0,0.5
15656.0,0.5
12815.0,0.5
12822.0,0.5
17845.0,0.5
16184.0,0.5
15092.0,0.5
14880.0,0.5
17286.0,0.5
13405.0,0.5
15001.0,0.5
14485.0,0.5
13898.0,0.5
15533.0,0.5
16344.0,0.5
14131.0,0.5
16573.0,0.5
13987.0,0.5
13195.0,0.5
13427.0,0.5
13626.0,0.5
17548.0,0.5
15331.0,0.5
17495.0,0.5
15266.0,0.5
17772.0,0.5
15223.0,0.5
18265.0,0.5
15197.0,0.5
17820.0,0.5
18212.0,0.5
17683.0,0.5
18162.0,0.5
13925.0,0.5
16763.0,0.5
16408.0,0.5
13687.0,0.5
12813.0,0.5
13974.0,0.5
12794.0,0.5
13123.0,0.5
18173.0,0.5
12629.0,0.5
13045.0,0.5
15982.0,0.5
13035.0,0.5
17816.0,0.5
15037.0,0.5
17798.0,0.5
13778.0,0.5
17795.0,0.5
13619.0,0.5
15310.0,0.5
12542.0,0.5
17724.0,0.5
16268.0,0.5
17524.0,0.5
13921.0,0.5
17880.0,0.5
12716.0,0.5
17397.0,0.5
17903.0,0.5
17403.0,0.5
17423.0,0.5
16468.0,0.5
13245.0,0.5
14151.0,0.5
12764.0,0.5
15507.0,0.5
18263.0,0.5
18192.0,0.5
13413.0,0.5
14172.0,0.5
12671.0,0.5
14731.0,0.5
15971.0,0.5
18141.0,0.5
13784.0,0.5
14522.0,0.5
14923.0,0.5
17691.0,0.5
16902.0,0.5
14076.0,0.5
17039.0,0.5
16897.0,0.5
16450.0,0.5
16589.0,0.5
16309.0,0.5
14094.0,0.5
17926.0,0.5
13729.0,0.5
14803.0,0.5
17653.0,0.5
14427.0,0.5
13034.0,0.5
16382.0,0.5
16688.0,0.5
17185.0,0.5
13927.0,0.5
14437.0,0.5
16747.0,0.5
17857.0,0.5
17285.0,0.5
13509.0,0.5
13997.0,0.5
18183.0,0.5
13833.0,0.5
17300.0,0.5
13370.0,0.5
12462.0,0.5
14063.0,0.5
12793.0,0.5
13547.0,0.5
16860.0,0.5
14872.0,0.5
15661.0,0.5
13720.0,0.5
16948.0,0.5
13730.0,0.5
15734.0,0.5
13768.0,0.5
16295.0,0.5
16449.0,0.5
17431.0,0.5
16508.0,0.5
18074.0,0.5
12735.0,0.5
18045.0,0.5
16333.0,0.5
12767.0,0.5
17261.0,0.5
14737.0,0.5
12453.0,0.5
14581.0,0.5
17123.0,0.5
15784.0,0.5
13568.0,0.5
15097.0,0.5
18190.0,0.5
15088.0,0.5
15186.0,0.5
12537.0,0.5
17172.0,0.5
15866.0,0.5
15576.0,0.5
12543.0,0.5
17374.0,0.5
17481.0,0.5
14043.0,0.5
15449.0,0.5
17176.0,0.5
16739.0,0.5
17587.0,0.5
17425.0,0.5
17418.0,0.5
16075.0,0.5
16731.0,0.5
14618.0,0.5
12410.0,0.5
18262.0,0.5
14045.0,0.5
13453.0,0.5
16002.0,0.5
15196.0,0.5
15961.0,0.5
13057.0,0.5
15184.0,0.5
13356.0,0.5
13341.0,0.5
14990.0,0.5
16969.0,0.5
16436.0,0.5
13762.0,0.5
12492.0,0.5
13721.0,0.5
16252.0,0.5
13724.0,0.5
13726.0,0.5
16287.0,0.5
16298.0,0.5
12956.0,0.5
14497.0,0.5
14289.0,0.5
18128.0,0.5
15617.0,0.5
15275.0,0.5
13537.0,0.5
12640.0,0.5
17818.0,0.5
13550.0,0.5
13020.0,0.5
16836.0,0.5
13513.0,0.5
15742.0,0.5
14779.0,0.5
14323.0,0.5
14471.0,0.5
14158.0,0.5
14425.0,0.5
14902.0,0.5
16227.0,0.5
15888.0,0.5
16502.0,0.5
17934.0,0.5
16538.0,0.5
16139.0,0.5
14324.0,0.5
17940.0,0.5
12699.0,0.5
16183.0,0.5
14954.0,0.5
14222.0,0.5
14724.0,0.5
18218.0,0.5
16169.0,0.5
18006.0,0.5
12519.0,0.5
14526.0,0.5
16146.0,0.5
15777.0,0.5
14283.0,0.5
17464.0,0.5
13660.0,0.5
13424.0,0.5
16781.0,0.5
15637.0,0.5
15499.0,0.5
12903.0,0.5
15462.0,0.5
16939.0,0.5
15430.0,0.5
16971.0,0.5
12787.0,0.5
17016.0,0.5
17031.0,0.5
17038.0,0.5
13600.0,0.5
13536.0,0.5
17156.0,0.5
13480.0,0.5
13940.0,0.5
16929.0,0.5
14996.0,0.5
14070.0,0.5
14069.0,0.5
13585.0,0.5
12961.0,0.5
14357.0,0.5
18083.0,0.5
13589.0,0.5
17918.0,0.5
17709.0,0.5
15053.0,0.5
17478.0,0.5
16281.0,0.5
17919.0,0.5
13241.0,0.5
14430.0,0.5
14687.0,0.5
15137.0,0.5
13699.0,0.5
17033.0,0.5
15951.0,0.5
15393.0,0.5
16535.0,0.5
17746.0,0.5
14140.0,0.5
15190.0,0.5
15362.0,0.5
15813.0,0.5
15224.0,0.5
12450.0,0.5
15908.0,0.5
15454.0,0.5
18232.0,0.5
13484.0,0.5
17099.0,0.5
14097.0,0.5
14149.0,0.5
12664.0,0.5
15208.0,0.5
13840.0,0.5
12790.0,0.5
13825.0,0.5
14335.0,0.5
17342.0,0.5
16078.0,0.5
14102.0,0.5
14611.0,0.5
17551.0,0.5
13575.0,0.5
15221.0,0.5
13512.0,0.5
17622.0,0.5
16541.0,0.5
16135.0,0.5
13008.0,0.5
16001.0,0.5
16472.0,0.5
15586.0,0.5
14982.0,0.5
17492.0,0.5
17325.0,0.5
14830.0,0.5
12830.0,0.5
13398.0,0.5
15183.0,0.5
15830.0,0.5
15919.0,0.5
15631.0,0.5
13951.0,0.5
15238.0,0.5
16648.0,0.5
16882.0,0.5
15467.0,0.5
14372.0,0.5
14627.0,0.5
13282.0,0.5
18211.0,0.5
15938.0,0.5
14997.0,0.5
15583.0,0.5
17209.0,0.5
17398.0,0.5
15892.0,0.5
13389.0,0.5
13447.0,0.5
15944.0,0.5
13442.0,0.5
13264.0,0.5
13441.0,0.5
16027.0,0.5
14133.0,0.5
16048.0,0.5
16084.0,0.5
14311.0,0.5
13860.0,0.5
14297.0,0.5
16810.0,0.5
12828.0,0.5
14271.0,0.5
16421.0,0.5
13909.0,0.5
14228.0,0.5
17991.0,0.5
14220.0,0.5
16642.0,0.5
14036.0,0.5
16507.0,0.5
14176.0,0.5
12632.0,0.5
12624.0,0.5
12858.0,0.5
18107.0,0.5
18163.0,0.5
16138.0,0.5
17666.0,0.5
14519.0,0.5
12521.0,0.5
16193.0,0.5
18104.0,0.5
14356.0,0.5
13698.0,0.5
12572.0,0.5
13706.0,0.5
13731.0,0.5
17770.0,0.5
12575.0,0.5
14807.0,0.5
15346.0,0.5
15481.0,0.5
15205.0,0.5
15347.0,0.5
15715.0,0.5
15428.0,0.5
15598.0,0.5
15315.0,0.5
15655.0,0.5
12414.0,0.5
18154.0,0.5
18150.0,0.5
17430.0,0.5
18004.0,0.5
17018.0,0.5
14591.0,0.5
16216.0,0.5
15894.0,0.5
16943.0,0.5
15597.0,0.5
13606.0,0.5
16847.0,0.5
15519.0,0.5
15650.0,0.5
17035.0,0.5
12869.0,0.5
16100.0,0.5
15323.0,0.5
15887.0,0.5
15762.0,0.5
15773.0,0.5
17025.0,0.5
12770.0,0.5
17267.0,0.5
17127.0,0.5
17937.0,0.5
12691.0,0.5
16911.0,0.5
18135.0,0.5
12680.0,0.5
18067.0,0.5
14893.0,0.5
16142.0,0.5
16239.0,0.5
18088.0,0.5
16721.0,0.5
16211.0,0.5
17960.0,0.5
15363.0,0.5
14141.0,0.5
16321.0,0.5
17335.0,0.5
13673.0,0.5
17447.0,0.5
14337.0,0.5
18072.0,0.5
13859.0,0.5
15568.0,0.5
15320.0,0.5
12513.0,0.5
17309.0,0.5
17012.0,0.5
15582.0,0.5
13812.0,0.5
16534.0,0.5
15643.0,0.5
18264.0,0.5
12723.0,0.5
15116.0,0.5
12797.0,0.5
14219.0,0.5
15398.0,0.5
13518.0,0.5
17547.0,0.5
12880.0,0.5
17134.0,0.5
16158.0,0.5
12991.0,0.5
16641.0,0.5
13171.0,0.5
16576.0,0.5
14251.0,0.5
17958.0,0.5
14812.0,0.5
17254.0,0.5
15748.0,0.5
12919.0,0.5
13249.0,0.5
13070.0,0.5
13743.0,0.5
16343.0,0.5
13741.0,0.5
13041.0,0.5
17637.0,0.5
12601.0,0.5
12642.0,0.5
17563.0,0.5
18053.0,0.5
13108.0,0.5
13242.0,0.5
15191.0,0.5
16567.0,0.5
16230.0,0.5
12630.0,0.5
17924.0,0.5
17473.0,0.5
15675.0,0.5
16785.0,0.5
13882.0,0.5
13892.0,0.5
13200.0,0.5
17733.0,0.5
16250.0,0.5
17363.0,0.5
16487.0,0.5
13616.0,0.5
14516.0,0.5
15030.0,0.5
12461.0,0.5
16526.0,0.5
16389.0,0.5
13944.0,0.5
17316.0,0.5
14208.0,0.5
13594.0,0.5
13385.0,0.5
16862.0,0.5
14778.0,0.5
14937.0,0.5
18123.0,0.5
17205.0,0.5
15335.0,0.5
12355.0,0.5
13565.0,0.5
15103.0,0.5
12873.0,0.5
16695.0,0.5
15669.0,0.5
18110.0,0.5
13434.0,0.5
12847.0,0.5
16068.0,0.5
13350.0,0.5
12440.0,0.5
17125.0,0.5
16116.0,0.5
15869.0,0.5
13465.0,0.5
17891.0,0.5
13608.0,0.5
13622.0,0.5
15408.0,0.5
14567.0,0.5
15258.0,0.5
17119.0,0.5
15848.0,0.5
12689.0,0.5
14183.0,0.5
13024.0,0.5
13179.0,0.5
15352.0,0.5
16052.0,0.5
16753.0,0.5
15935.0,0.5
16762.0,0.5
14929.0,0.5
12571.0,0.5
16766.0,0.5
16562.0,0.5
12535.0,0.5
15624.0,0.5
13686.0,0.5
13361.0,0.5
18207.0,0.5
15077.0,0.5
16331.0,0.5
15174.0,0.5
17476.0,0.5
17239.0,0.5
12485.0,0.5
14742.0,0.5
12800.0,0.5
13430.0,0.5
13412.0,0.5
14024.0,0.5
16603.0,0.5
16590.0,0.5
15424.0,0.5
16198.0,0.5
15239.0,0.5
17808.0,0.5
12707.0,0.5
15269.0,0.5
12936.0,0.5
13836.0,0.5
17370.0,0.5
16039.0,0.5
13996.0,0.5
14011.0,0.5
14008.0,0.5
17296.0,0.5
15138.0,0.5
18176.0,0.5
13922.0,0.5
14147.0,0.5
15562.0,0.5
17826.0,0.5
14230.0,0.5
15014.0,0.5
13587.0,0.5
15852.0,0.5
16495.0,0.5
13581.0,0.5
13572.0,0.5
14055.0,0.5
17355.0,0.5
17595.0,0.5
12654.0,0.5
13094.0,0.5
16282.0,0.5
13103.0,0.5
14403.0,0.5
13161.0,0.5
12667.0,0.5
12666.0,0.5
13712.0,0.5
13681.0,0.5
18033.0,0.5
18037.0,0.5
16647.0,0.5
15070.0,0.5
15161.0,0.5
17367.0,0.5
16080.0,0.5
14885.0,0.5
12920.0,0.5
12904.0,0.5
17751.0,0.5
15538.0,0.5
13540.0,0.5
14940.0,0.5
15512.0,0.5
14138.0,0.5
14932.0,0.5
13355.0,0.5
14316.0,0.5
17334.0,0.5
16844.0,0.5
13238.0,0.5
17458.0,0.5
14973.0,0.5
15198.0,0.5
17572.0,0.5
13067.0,0.5
14445.0,0.5
12974.0,0.5
16876.0,0.5
14342.0,0.5
17103.0,0.5
16109.0,0.5
16026.0,0.5
18228.0,0.5
12390.0,0.5
18220.0,0.5
18217.0,0.5
13868.0,0.5
18205.0,0.5
14608.0,0.5
12769.0,0.5
15881.0,0.5
16740.0,0.5
14750.0,0.5
18280.0,0.5
12798.0,0.5
15018.0,0.5
12651.0,0.5
18021.0,0.5
15966.0,0.5
14557.0,0.5
15287.0,0.5
12527.0,0.5
12810.0,0.5
15585.0,0.5
16226.0,0.5
14602.0,0.5
17704.0,0.5
16380.0,0.5
17195.0,0.5
12953.0,0.5
16874.0,0.5
15806.0,0.5
14924.0,0.5
12579.0,0.5
14594.0,0.5
17178.0,0.5
15969.0,0.5
15084.0,0.5
13998.0,0.5
12512.0,0.5
17643.0,0.5
15386.0,0.5
17256.0,0.5
18013.0,0.5
17957.0,0.5
17899.0,0.5
15143.0,0.5
15080.0,0.5
16285.0,0.5
13386.0,0.5
13116.0,0.5
18121.0,0.5
17541.0,0.5
14955.0,0.5
18056.0,0.5
14984.0,0.5
17833.0,0.5
16488.0,0.5
17124.0,0.5
12893.0,0.5
15232.0,0.5
13934.0,0.5
13499.0,0.5
16256.0,0.5
15136.0,0.5
12697.0,0.5
13177.0,0.5
15447.0,0.5
17000.0,0.5
16095.0,0.5
18194.0,0.5
16613.0,0.5
15589.0,0.5
15853.0,0.5
16914.0,0.5
17520.0,0.5
13714.0,0.5
14571.0,0.5
14620.0,0.5
13733.0,0.5
13918.0,0.5
17268.0,0.5
17122.0,0.5
12791.0,0.5
13074.0,0.5
13737.0,0.5
16930.0,0.5
15200.0,0.5
15702.0,0.5
17972.0,0.5
18200.0,0.5
14762.0,0.5
14967.0,0.5
16569.0,0.5
15405.0,0.5
14949.0,0.5
18234.0,0.5
18100.0,0.5
14983.0,0.5
12944.0,0.5
13785.0,0.5
16646.0,0.5
15552.0,0.5
13865.0,0.5
16113.0,0.5
18111.0,0.5
17565.0,0.5
15350.0,0.5
14660.0,0.5
14814.0,0.5
12983.0,0.5
18137.0,0.5
15846.0,0.5
17989.0,0.5
17295.0,0.5
15947.0,0.5
16621.0,0.5
15541.0,0.5
18119.0,0.5
15475.0,0.5
18284.0,0.5
18127.0,0.5
13358.0,0.5
17489.0,0.5
17995.0,0.5
15638.0,0.5
15934.0,0.5
16373.0,0.5
14652.0,0.5
16993.0,0.5
15364.0,0.5
14917.0,0.5
12816.0,0.5
12657.0,0.5
14531.0,0.5
13795.0,0.5
15746.0,0.5
17951.0,0.5
17938.0,0.5
15278.0,0.5
17789.0,0.5
16152.0,0.5
17678.0,0.5
13734.0,0.5
17212.0,0.5
17782.0,0.5
12420.0,0.5
17915.0,0.5
14240.0,0.5
17712.0,0.5
14164.0,0.5
16540.0,0.5
12907.0,0.5
17177.0,0.5
16473.0,0.5
14202.0,0.5
15147.0,0.5
17569.0,0.5
12361.0,0.5
14273.0,0.5
16030.0,0.5
14270.0,0.5
15780.0,0.5
17970.0,0.5
17029.0,0.5
16680.0,0.5
16662.0,0.5
16475.0,0.5
15300.0,0.5
13508.0,0.5
18155.0,0.5
17333.0,0.5
14708.0,0.5
12541.0,0.5
16977.0,0.5
14126.0,0.5
14173.0,0.5
14957.0,0.5
13472.0,0.5
14331.0,0.5
17181.0,0.5
15492.0,0.5
15121.0,0.5
14302.0,0.5
16364.0,0.5
12488.0,0.5
14010.0,0.5
16519.0,0.5
15344.0,0.5
14811.0,0.5
13885.0,0.5
15842.0,0.5
16430.0,0.5
18134.0,0.5
15840.0,0.5
14296.0,0.5
12427.0,0.5
16715.0,0.5
17163.0,0.5
14931.0,0.5
15127.0,0.5
18114.0,0.5
14788.0,0.5
13672.0,0.5
16500.0,0.5
16322.0,0.5
17078.0,0.5
16310.0,0.5
13226.0,0.5
15217.0,0.5
17462.0,0.5
15977.0,0.5
17564.0,0.5
14636.0,0.5
17483.0,0.5
14851.0,0.5
15052.0,0.5
12999.0,0.5
17558.0,0.5
13965.0,0.5
12922.0,0.5
12925.0,0.5
16870.0,0.5
17745.0,0.5
16185.0,0.5
17892.0,0.5
16137.0,0.5
16586.0,0.5
15771.0,0.5
12628.0,0.5
15945.0,0.5
13038.0,0.5
15400.0,0.5
16816.0,0.5
15417.0,0.5
14034.0,0.5
13049.0,0.5
13066.0,0.5
15766.0,0.5
17217.0,0.5
12943.0,0.5
12596.0,0.5
13779.0,0.5
14237.0,0.5
15517.0,0.5
17928.0,0.5
12990.0,0.5
16632.0,0.5
12740.0,0.5
18201.0,0.5
15613.0,0.5
14780.0,0.5
13496.0,0.5
15709.0,0.5
17080.0,0.5
12832.0,0.5
15102.0,0.5
15413.0,0.5
12845.0,0.5
17866.0,0.5
17825.0,0.5
14879.0,0.5
13807.0,0.5
13957.0,0.5
17803.0,0.5
16708.0,0.5
13524.0,0.5
12941.0,0.5
12781.0,0.5
12889.0,0.5
15035.0,0.5
12761.0,0.5
12898.0,0.5
14586.0,0.5
16829.0,0.5
13570.0,0.5
12394.0,0.5
12930.0,0.5
15268.0,0.5
17674.0,0.5
14339.0,0.5
17249.0,0.5
13073.0,0.5
14712.0,0.5
14319.0,0.5
15282.0,0.5
17557.0,0.5
15960.0,0.5
14992.0,0.5
15688.0,0.5
15020.0,0.5
18038.0,0.5
15304.0,0.5
15075.0,0.5
12499.0,0.5
13244.0,0.5
15648.0,0.5
15207.0,0.5
14654.0,0.5
15165.0,0.5
16484.0,0.5
12777.0,0.5
15177.0,0.5
16166.0,0.5
15793.0,0.5
14369.0,0.5
15683.0,0.5
16476.0,0.5
15342.0,0.5
14358.0,0.5
16965.0,0.5
16966.0,0.5
17875.0,0.5
15262.0,0.5
12788.0,0.5
12447.0,0.5
12554.0,0.5
18046.0,0.5
13248.0,0.5
15946.0,0.5
13281.0,0.5
15682.0,0.5
14174.0,0.5
14853.0,0.5
16020.0,0.5
12964.0,0.5
17717.0,0.5
12465.0,0.5
14150.0,0.5
15509.0,0.5
16276.0,0.5
17687.0,0.5
17592.0,0.5
15824.0,0.5
18216.0,0.5
13904.0,0.5
17525.0,0.5
17055.0,0.5
15219.0,0.5
13416.0,0.5
13104.0,0.5
15490.0,0.5
16820.0,0.5
14935.0,0.5
17910.0,0.5
15528.0,0.5
12491.0,0.5
17630.0,0.5
14145.0,0.5
14975.0,0.5
13028.0,0.5
16824.0,0.5
15277.0,0.5
18243.0,0.5
12729.0,0.5
13809.0,0.5
13759.0,0.5
13696.0,0.5
13879.0,0.5
13675.0,0.5
16751.0,0.5
13948.0,0.5
16783.0,0.5
13670.0,0.5
13877.0,0.5
16547.0,0.5
14162.0,0.5
14100.0,0.5
16635.0,0.5
13964.0,0.5
15720.0,0.5
16074.0,0.5
17736.0,0.5
13433.0,0.5
12419.0,0.5
14678.0,0.5
17707.0,0.5
16069.0,0.5
18167.0,0.5
18164.0,0.5
17944.0,0.5
15213.0,0.5
16038.0,0.5
16272.0,0.5
18158.0,0.5
18157.0,0.5
16304.0,0.5
12672.0,0.5
14721.0,0.5
14706.0,0.5
13251.0,0.5
15381.0,0.5
14353.0,0.5
18091.0,0.5
13193.0,0.5
17245.0,0.5
15438.0,0.5
14579.0,0.5
15124.0,0.5
15765.0,0.5
14513.0,0.5
12824.0,0.5
14509.0,0.5
17171.0,0.5
12817.0,0.5
16178.0,0.5
16467.0,0.5
13502.0,0.5
15126.0,0.5
15711.0,0.5
17200.0,0.5
14793.0,0.5
15341.0,0.5
15216.0,0.5
15592.0,0.5
14537.0,0.5
14058.0,0.5
14981.0,0.5
12825.0,0.5
15627.0,0.5
15970.0,0.5
15975.0,0.5
17718.0,0.5
17486.0,0.5
12646.0,0.5
12895.0,0.5
16803.0,0.5
17983.0,0.5
14980.0,0.5
16107.0,0.5
17701.0,0.5
17902.0,0.5
16060.0,0.5
15292.0,0.5
13143.0,0.5
17836.0,0.5
18278.0,0.5
15337.0,0.5
14761.0,0.5
15689.0,0.5
13400.0,0.5
13236.0,0.5
16404.0,0.5
15717.0,0.5
14165.0,0.5
15558.0,0.5
17313.0,0.5
16682.0,0.5
13352.0,0.5
15155.0,0.5
14317.0,0.5
14928.0,0.5
13237.0,0.5
12833.0,0.5
14840.0,0.5
14184.0,0.5
13311.0,0.5
13624.0,0.5
14123.0,0.5
12353.0,0.5
15537.0,0.5
14799.0,0.5
12365.0,0.5
12363.0,0.5
14545.0,0.5
13981.0,0.5
16675.0,0.5
15864.0,0.5
17859.0,0.5
16711.0,0.5
18050.0,0.5
13933.0,0.5
13853.0,0.5
16759.0,0.5
12529.0,0.5
18003.0,0.5
12506.0,0.5
12493.0,0.5
12677.0,0.5
16808.0,0.5
18159.0,0.5
14604.0,0.5
16063.0,0.5
12745.0,0.5
13861.0,0.5
12470.0,0.5
15875.0,0.5
15345.0,0.5
12459.0,0.5
15099.0,0.5
15225.0,0.5
14254.0,0.5
15188.0,0.5
16311.0,0.5
16577.0,0.5
15181.0,0.5
16315.0,0.5
17466.0,0.5
13454.0,0.5
15175.0,0.5
15726.0,0.5
17250.0,0.5
14910.0,0.5
17407.0,0.5
13685.0,0.5
15160.0,0.5
17359.0,0.5
17263.0,0.5
14275.0,0.5
17275.0,0.5
16378.0,0.5
13372.0,0.5
16297.0,0.5
17503.0,0.5
16277.0,0.5
17144.0,0.5
16149.0,0.5
17784.0,0.5
13801.0,0.5
15230.0,0.5
15548.0,0.5
16492.0,0.5
13792.0,0.5
17729.0,0.5
15100.0,0.5
17154.0,0.5
16901.0,0.5
13002.0,0.5
15090.0,0.5
16920.0,0.5
13604.0,0.5
17187.0,0.5
17208.0,0.5
14294.0,0.5
13504.0,0.5
15496.0,0.5
15130.0,0.5
15120.0,0.5
12411.0,0.5
18250.0,0.5
12448.0,0.5
12831.0,0.5
15153.0,0.5
13345.0,0.5
13796.0,0.5
17766.0,0.5
13774.0,0.5
17689.0,0.5
15047.0,0.5
12996.0,0.5
17654.0,0.5
17955.0,0.5
17607.0,0.5
13075.0,0.5
18024.0,0.5
13210.0,0.5
15377.0,0.5
13810.0,0.5
13252.0,0.5
16758.0,0.5
16982.0,0.5
13315.0,0.5
13343.0,0.5
12559.0,0.5
16826.0,0.5
15905.0,0.5
16160.0,0.5
15897.0,0.5
14453.0,0.5
14115.0,0.5
16305.0,0.5
14310.0,0.5
14720.0,0.5
16024.0,0.5
16289.0,0.5
14697.0,0.5
14569.0,0.5
14195.0,0.5
16606.0,0.5
16046.0,0.5
15979.0,0.5
15859.0,0.5
14303.0,0.5
14429.0,0.5
15679.0,0.5
13754.0,0.5
13040.0,0.5
14991.0,0.5
14630.0,0.5
14041.0,0.5
12464.0,0.5
14098.0,0.5
14042.0,0.5
16035.0,0.5
15414.0,0.5
16390.0,0.5
12894.0,0.5
16908.0,0.5
14622.0,0.5
12859.0,0.5
12443.0,0.5
16832.0,0.5
16263.0,0.5
13834.0,0.5
18199.0,0.5
13716.0,0.5
12719.0,0.5
17577.0,0.5
13816.0,0.5
12445.0,0.5
17971.0,0.5
16967.0,0.5
13896.0,0.5
15385.0,0.5
16437.0,0.5
17386.0,0.5
18027.0,0.5
18005.0,0.5
12612.0,0.5
12760.0,0.5
14212.0,0.5
17168.0,0.5
16425.0,0.5
13514.0,0.5
17414.0,0.5
14683.0,0.5
14862.0,0.5
14200.0,0.5
12593.0,0.5
12665.0,0.5
13258.0,0.5
17441.0,0.5
12564.0,0.5
17072.0,0.5
15930.0,0.5
12547.0,0.5
13625.0,0.5
15308.0,0.5
15923.0,0.5
18130.0,0.5
14121.0,0.5
15185.0,0.5
13893.0,0.5
15135.0,0.5
16368.0,0.5
18271.0,0.5
16697.0,0.5
13928.0,0.5
12351.0,0.5
13961.0,0.5
13966.0,0.5
16050.0,0.5
15659.0,0.5
15343.0,0.5
18261.0,0.5
13080.0,0.5
13519.0,0.5
14927.0,0.5
14197.0,0.5
14521.0,0.5
14199.0,0.5
16845.0,0.5
14951.0,0.5
16615.0,0.5
15670.0,0.5
16481.0,0.5
13088.0,0.5
17688.0,0.5
14681.0,0.5
13250.0,0.5
14777.0,0.5
18267.0,0.5
13364.0,0.5
15017.0,0.5
17946.0,0.5
13923.0,0.5
15954.0,0.5
14633.0,0.5
16543.0,0.5
14972.0,0.5
16236.0,0.5
15759.0,0.5
15011.0,0.5
12552.0,0.5
15010.0,0.5
12827.0,0.5
12829.0,0.5
14806.0,0.5
13586.0,0.5
14269.0,0.5
12946.0,0.5
12566.0,0.5
12780.0,0.5
15724.0,0.5
13125.0,0.5
15825.0,0.5
13247.0,0.5
12852.0,0.5
15883.0,0.5
12768.0,0.5
12614.0,0.5
15495.0,0.5
18124.0,0.5
13283.0,0.5
15387.0,0.5
17763.0,0.5
12746.0,0.5
12634.0,0.5
17953.0,0.5
17710.0,0.5
17617.0,0.5
14888.0,0.5
13367.0,0.5
16251.0,0.5
14942.0,0.5
15964.0,0.5
14244.0,0.5
16627.0,0.5
12715.0,0.5
16649.0,0.5
17192.0,0.5
13482.0,0.5
15156.0,0.5
14015.0,0.5
16690.0,0.5
12544.0,0.5
16804.0,0.5
17262.0,0.5
17471.0,0.5
15474.0,0.5
16318.0,0.5
16044.0,0.5
14333.0,0.5
17916.0,0.5
17104.0,0.5
16909.0,0.5
12819.0,0.5
13197.0,0.5
17005.0,0.5
13181.0,0.5
16890.0,0.5
18244.0,0.5
13255.0,0.5
14614.0,0.5
17761.0,0.5
18099.0,0.5
16070.0,0.5
18255.0,0.5
13887.0,0.5
13597.0,0.5
12495.0,0.5
15714.0,0.5
13621.0,0.5
13666.0,0.5
15936.0,0.5
18270.0,0.5
18275.0,0.5
14757.0,0.5
13369.0,0.5
16673.0,0.5
17094.0,0.5
14268.0,0.5
14747.0,0.5
14791.0,0.5
15193.0,0.5
16683.0,0.5
16217.0,0.5
12883.0,0.5
12718.0,0.5
15293.0,0.5
13962.0,0.5
13056.0,0.5
13274.0,0.5
14072.0,0.5
18206.0,0.5
17697.0,0.5
16286.0,0.5
16850.0,0.5
17699.0,0.5
13847.0,0.5
15735.0,0.5
13277.0,0.5
12734.0,0.5
14061.0,0.5
13773.0,0.5
16483.0,0.5
12595.0,0.5
18222.0,0.5
17665.0,0.5
14418.0,0.5
15634.0,0.5
13917.0,0.5
13083.0,0.5
17693.0,0.5
15770.0,0.5
15776.0,0.5
13953.0,0.5
17513.0,0.5
17382.0,0.5
17501.0,0.5
18029.0,0.5
16090.0,0.5
16522.0,0.5
16339.0,0.5
14886.0,0.5
15902.0,0.5
15963.0,0.5
17066.0,0.5
18105.0,0.5
13189.0,0.5
15718.0,0.5
13190.0,0.5
14448.0,0.5
15956.0,0.5
14376.0,0.5
12892.0,0.5
13843.0,0.5
16679.0,0.5
15500.0,0.5
17488.0,0.5
12807.0,0.5
13494.0,0.5
16091.0,0.5
12823.0,0.5
17868.0,0.5
13169.0,0.5
17479.0,0.5
18142.0,0.5
13411.0,0.5
12834.0,0.5
16925.0,0.5
16583.0,0.5
16796.0,0.5
13837.0,0.5
17842.0,0.5
13530.0,0.5
17120.0,0.5
14528.0,0.5
17767.0,0.5
15546.0,0.5
17626.0,0.5
16913.0,0.5
16872.0,0.5
14517.0,0.5
16596.0,0.5
12368.0,0.5
17140.0,0.5
15609.0,0.5
12871.0,0.5
16585.0,0.5
14783.0,0.5
14325.0,0.5
16896.0,0.5
12763.0,0.5
17387.0,0.5
14348.0,0.5
14989.0,0.5
13135.0,0.5
16452.0,0.5
17098.0,0.5
12786.0,0.5
14536.0,0.5
14767.0,0.5
12467.0,0.5
14809.0,0.5
17152.0,0.5
14749.0,0.5
16260.0,0.5
13954.0,0.5
13789.0,0.5
12460.0,0.5
15247.0,0.5
17855.0,0.5
18120.0,0.5
18026.0,0.5
13328.0,0.5
18281.0,0.5
14322.0,0.5
17318.0,0.5
16064.0,0.5
14168.0,0.5
14148.0,0.5
12350.0,0.5
15299.0,0.5
18081.0,0.5
13498.0,0.5
17353.0,0.5
14153.0,0.5
16433.0,0.5
14476.0,0.5
15294.0,0.5
16517.0,0.5
16559.0,0.5
12899.0,0.5
17748.0,0.5
13930.0,0.5
13053.0,0.5
13765.0,0.5
13374.0,0.5
18153.0,0.5
13106.0,0.5
14974.0,0.5
17294.0,0.5
16132.0,0.5
18208.0,0.5
13766.0,0.5
16864.0,0.5
14491.0,0.5
15359.0,0.5
15820.0,0.5
17498.0,0.5
17278.0,0.5
16856.0,0.5
15645.0,0.5
15604.0,0.5
14288.0,0.5
16724.0,0.5
15778.0,0.5
16760.0,0.5
13029.0,0.5
17762.0,0.5
14558.0,0.5
17981.0,0.5
15685.0,0.5
12384.0,0.5
16999.0,0.5
18185.0,0.5
15423.0,0.5
16552.0,0.5
16819.0,0.5
13661.0,0.5
13791.0,0.5
15231.0,0.5
14518.0,0.5
12436.0,0.5
12690.0,0.5
13990.0,0.5
15396.0,0.5
16195.0,0.5
12860.0,0.5
16886.0,0.5
16490.0,0.5
15404.0,0.5
16498.0,0.5
15540.0,0.5
13114.0,0.5
16666.0,0.5
14797.0,0.5
17417.0,0.5
15333.0,0.5
16280.0,0.5
14203.0,0.5
12741.0,0.5
13886.0,0.5
16778.0,0.5
14023.0,0.5
16793.0,0.5
14784.0,0.5
14242.0,0.5
13289.0,0.5
15162.0,0.5
16247.0,0.5
12698.0,0.5
12655.0,0.5
14588.0,0.5
13351.0,0.5
18042.0,0.5
14423.0,0.5
13914.0,0.5
13273.0,0.5
14263.0,0.5
14003.0,0.5
12608.0,0.5
18052.0,0.5
12604.0,0.5
16865.0,0.5
15536.0,0.5
12771.0,0.5
18254.0,0.5
12848.0,0.5
13628.0,0.5
15772.0,0.5
12561.0,0.5
17506.0,0.5
14566.0,0.5
13592.0,0.5
15302.0,0.5
15319.0,0.5
13396.0,0.5
16112.0,0.5
16561.0,0.5
14638.0,0.5
13674.0,0.5
16689.0,0.5
17040.0,0.5
15728.0,0.5
13678.0,0.5
14122.0,0.5
12515.0,0.5
16123.0,0.5
17536.0,0.5
16082.0,0.5
17436.0,0.5
16328.0,0.5
17022.0,0.5
12818.0,0.5
17830.0,0.5
16957.0,0.5
13932.0,0.5
16234.0,0.5
13419.0,0.5
13899.0,0.5
16453.0,0.5
13905.0,0.5
13676.0,0.5
17929.0,0.5
13651.0,0.5
15087.0,0.5
13060.0,0.5
16342.0,0.5
15516.0,0.5
15794.0,0.5
12812.0,0.5
15927.0,0.5
13307.0,0.5
14029.0,0.5
14635.0,0.5
13972.0,0.5
13399.0,0.5
14726.0,0.5
15924.0,0.5
16346.0,0.5
15749.0,0.5
12750.0,0.5
17681.0,0.5
13943.0,0.5
17973.0,0.5
16757.0,0.5
14787.0,0.5
16164.0,0.5
17872.0,0.5
15336.0,0.5
16962.0,0.5
16968.0,0.5
17684.0,0.5
16403.0,0.5
13529.0,0.5
17662.0,0.5
15236.0,0.5
13710.0,0.5
18191.0,0.5
17510.0,0.5
17283.0,0.5
14694.0,0.5
15884.0,0.5
17435.0,0.5
16579.0,0.5
13127.0,0.5
12581.0,0.5
12489.0,0.5
15399.0,0.5
13087.0,0.5
14118.0,0.5
17292.0,0.5
17895.0,0.5
13079.0,0.5
15788.0,0.5
15691.0,0.5
13272.0,0.5
14274.0,0.5
18213.0,0.5
13950.0,0.5
16273.0,0.5
16604.0,0.5
15115.0,0.5
12799.0,0.5
17893.0,0.5
17257.0,0.5
18010.0,0.5
13348.0,0.5
16424.0,0.5
14612.0,0.5
17933.0,0.5
14609.0,0.5
16352.0,0.5
15487.0,0.5
17312.0,0.5
13669.0,0.5
14728.0,0.5
14392.0,0.5
14046.0,0.5
16542.0,0.5
18256.0,0.5
17475.0,0.5
16544.0,0.5
14137.0,0.5
17011.0,0.5
17484.0,0.5
18129.0,0.5
17234.0,0.5
14017.0,0.5
14391.0,0.5
15587.0,0.5
17053.0,0.5
16645.0,0.5
13043.0,0.5
18238.0,0.5
17556.0,0.5
14411.0,0.5
15684.0,0.5
14987.0,0.5
15234.0,0.5
13811.0,0.5
16851.0,0.5
14908.0,0.5
16622.0,0.5
15473.0,0.5
15401.0,0.5
15445.0,0.5
17136.0,0.5
14658.0,0.5
18020.0,0.5
16215.0,0.5
14674.0,0.5
13284.0,0.5
17184.0,0.5
14677.0,0.5
13489.0,0.5
14477.0,0.5
15119.0,0.5
17166.0,0.5
18266.0,0.5
18059.0,0.5
17415.0,0.5
17128.0,0.5
15697.0,0.5
14962.0,0.5
15931.0,0.5
14483.0,0.5
15554.0,0.5
14361.0,0.5
14192.0,0.5
13978.0,0.5
15297.0,0.5
15942.0,0.5
12897.0,0.5
13025.0,0.5
17605.0,0.5
12900.0,0.5
15209.0,0.5
13033.0,0.5
14892.0,0.5
15391.0,0.5
12887.0,0.5
13326.0,0.5
17907.0,0.5
14330.0,0.5
14919.0,0.5
13223.0,0.5
13318.0,0.5
15257.0,0.5
15158.0,0.5
15729.0,0.5
17573.0,0.5
12821.0,0.5
16299.0,0.5
17535.0,0.5
17543.0,0.5
14876.0,0.5
17824.0,0.5
17815.0,0.5
13977.0,0.5
17711.0,0.5
14089.0,0.5
17216.0,0.5
17065.0,0.5
15139.0,0.5
17067.0,0.5
14091.0,0.5
12376.0,0.5
15045.0,0.5
18012.0,0.5
12563.0,0.5
16587.0,0.5
15973.0,0.5
16660.0,0.5
17093.0,0.5
15330.0,0.5
16761.0,0.5
14018.0,0.5
15360.0,0.5
14028.0,0.5
14079.0,0.5
15616.0,0.5
16509.0,0.5
14073.0,0.5
14238.0,0.5
16640.0,0.5
13805.0,0.5
16822.0,0.5
14774.0,0.5
14846.0,0.5
14689.0,0.5
13852.0,0.5
13830.0,0.5
14964.0,0.5
18058.0,0.5
15072.0,0.5
14969.0,0.5
13390.0,0.5
18279.0,0.5
16388.0,0.5
17982.0,0.5
16565.0,0.5
15667.0,0.5
14278.0,0.5
15578.0,0.5
12498.0,0.5
16988.0,0.5
12538.0,0.5
13970.0,0.5
15914.0,0.5
16375.0,0.5
13618.0,0.5
12692.0,0.5
15922.0,0.5
13164.0,0.5
12773.0,0.5
12522.0,0.5
12879.0,0.5
15378.0,0.5
17121.0,0.5
14119.0,0.5
13826.0,0.5
13541.0,0.5
12891.0,0.5
13071.0,0.5
15943.0,0.5
16599.0,0.5
17036.0,0.5
15566.0,0.5
15263.0,0.5
16302.0,0.5
16566.0,0.5
13133.0,0.5
15307.0,0.5
15409.0,0.5
13063.0,0.5
17087.0,0.5
13631.0,0.5
15925.0,0.5
13111.0,0.5
13697.0,0.5
16148.0,0.5
14523.0,0.5
17877.0,0.5
13718.0,0.5
17559.0,0.5
14717.0,0.5
12602.0,0.5
16997.0,0.5
15007.0,0.5
15741.0,0.5
16396.0,0.5
17906.0,0.5
13288.0,0.5
17647.0,0.5
15797.0,0.5
14668.0,0.5
15781.0,0.5
15662.0,0.5
13325.0,0.5
17723.0,0.5
17390.0,0.5
13331.0,0.5
15816.0,0.5
15836.0,0.5
16733.0,0.5
17273.0,0.5
15212.0,0.5
14241.0,0.5
18285.0,0.5
17401.0,0.5
13423.0,0.5
15008.0,0.5
13010.0,0.5
17781.0,0.5
15166.0,0.5
15949.0,0.5
16478.0,0.5
14218.0,0.5
18040.0,0.5
12732.0,0.5
16827.0,0.5
14468.0,0.5
14501.0,0.5
16051.0,0.5
17939.0,0.5
14253.0,0.5
16192.0,0.5
15895.0,0.5
17670.0,0.5
15029.0,0.5
17517.0,0.5
17721.0,0.5
13007.0,0.5
12981.0,0.5
17317.0,0.5
15844.0,0.5
16691.0,0.5
13973.0,0.5
15818.0,0.5
12504.0,0.5
12962.0,0.5
16741.0,0.5
12441.0,0.5
12375.0,0.5
13129.0,0.5
16616.0,0.5
13062.0,0.5
12400.0,0.5
14773.0,0.5
12416.0,0.5
16857.0,0.5
13858.0,0.5
15647.0,0.5
16866.0,0.5
17627.0,0.5
14416.0,0.5
12430.0,0.5
16598.0,0.5
14436.0,0.5
18197.0,0.5
15876.0,0.5
17805.0,0.5
15649.0,0.5
16179.0,0.5
13894.0,0.5
14012.0,0.5
14444.0,0.5
16181.0,0.5
18186.0,0.5
13119.0,0.5
12927.0,0.5
16581.0,0.5
16371.0,0.5
14945.0,0.5
15096.0,0.5
12738.0,0.5
18054.0,0.5
14314.0,0.5
17215.0,0.5
13457.0,0.5
16079.0,0.5
14848.0,0.5
17380.0,0.5
16338.0,0.5
14858.0,0.5
15986.0,0.5
17856.0,0.5
12661.0,0.5
13219.0,0.5
17339.0,0.5
12663.0,0.5
13582.0,0.5
13321.0,0.5
14574.0,0.5
12574.0,0.5
12622.0,0.5
15928.0,0.5
15086.0,0.5
17170.0,0.5
13182.0,0.5
14377.0,0.5
13279.0,0.5
17900.0,0.5
17030.0,0.5
15488.0,0.5
17009.0,0.5
13460.0,0.5
14718.0,0.5
13470.0,0.5
17887.0,0.5
14889.0,0.5
15941.0,0.5
17778.0,0.5
13061.0,0.5
13483.0,0.5
13806.0,0.5
18089.0,0.5
13420.0,0.5
14039.0,0.5
13783.0,0.5
14434.0,0.5
16591.0,0.5
15283.0,0.5
13903.0,0.5
12902.0,0.5
14826.0,0.5
17118.0,0.5
17413.0,0.5
12403.0,0.5
17598.0,0.5
13848.0,0.5
18224.0,0.5
16840.0,0.5
14993.0,0.5
12386.0,0.5
18070.0,0.5
14252.0,0.5
12641.0,0.5
14213.0,0.5
16337.0,0.5
14494.0,0.5
17755.0,0.5
15733.0,0.5
12496.0,0.5
15857.0,0.5
18148.0,0.5
18165.0,0.5
12954.0,0.5
12565.0,0.5
15890.0,0.5
15412.0,0.5
13207.0,0.5
18152.0,0.5
15256.0,0.5
13145.0,0.5
13701.0,0.5
13194.0,0.5
15560.0,0.5
15388.0,0.5
18146.0,0.5
16199.0,0.5
16313.0,0.5
16312.0,0.5
13683.0,0.5
16377.0,0.5
15361.0,0.5
16989.0,0.5
16097.0,0.5
18166.0,0.5
12551.0,0.5
16696.0,0.5
18182.0,0.5
13229.0,0.5
17927.0,0.5
16087.0,0.5
15327.0,0.5
17680.0,0.5
18103.0,0.5
13406.0,0.5
15163.0,0.5
14610.0,0.5
15374.0,0.5
16716.0,0.5
12387.0,0.5
16665.0,0.5
17740.0,0.5
16397.0,0.5
14999.0,0.5
12929.0,0.5
12914.0,0.5
15663.0,0.5
16752.0,0.5
13404.0,0.5
14318.0,0.5
14617.0,0.5
17658.0,0.5
12959.0,0.5
17279.0,0.5
14438.0,0.5
16349.0,0.5
17305.0,0.5
16439.0,0.5
16427.0,0.5
17947.0,0.5
13657.0,0.5
15348.0,0.5
18169.0,0.5
15042.0,0.5
14843.0,0.5
15229.0,0.5
17440.0,0.5
13227.0,0.5
13578.0,0.5
17446.0,0.5
13751.0,0.5
13746.0,0.5
15775.0,0.5
15767.0,0.5
15873.0,0.5
16578.0,0.5
17453.0,0.5
14746.0,0.5
14109.0,0.5
15085.0,0.5
13150.0,0.5
14378.0,0.5
13690.0,0.5
13689.0,0.5
17847.0,0.5
17108.0,0.5
13261.0,0.5
13794.0,0.5
13076.0,0.5
16457.0,0.5
15740.0,0.5
15267.0,0.5
17408.0,0.5
15204.0,0.5
13845.0,0.5
14822.0,0.5
15479.0,0.5
17148.0,0.5
13653.0,0.5
16077.0,0.5
14053.0,0.5
13257.0,0.5
16855.0,0.5
14772.0,0.5
18084.0,0.5
13556.0,0.5
13817.0,0.5
17117.0,0.5
16055.0,0.5
18138.0,0.5
15403.0,0.5
16114.0,0.5
12875.0,0.5
14765.0,0.5
17881.0,0.5
17909.0,0.5
15432.0,0.5
18282.0,0.5
12789.0,0.5
15851.0,0.5
15226.0,0.5
15779.0,0.5
15324.0,0.5
14495.0,0.5
14632.0,0.5
15355.0,0.5
17922.0,0.5
16194.0,0.5
15328.0,0.5
18269.0,0.5
18076.0,0.5
14884.0,0.5
17493.0,0.5
15843.0,0.5
13490.0,0.5
16432.0,0.5
17224.0,0.5
17202.0,0.5
17199.0,0.5
15524.0,0.5
16454.0,0.5
13493.0,0.5
15202.0,0.5
15534.0,0.5
16294.0,0.5
17056.0,0.5
15690.0,0.5
15565.0,0.5
16545.0,0.5
15739.0,0.5
14280.0,0.5
16974.0,0.5
17439.0,0.5
15731.0,0.5
14406.0,0.5
17487.0,0.5
17455.0,0.5
14368.0,0.5
13217.0,0.5
14363.0,0.5
17586.0,0.5
13260.0,0.5
17384.0,0.5
17574.0,0.5
13323.0,0.5
13347.0,0.5
13392.0,0.5
16998.0,0.5
14187.0,0.5
17668.0,0.5
13757.0,0.5
13968.0,0.5
16687.0,0.5
17698.0,0.5
16664.0,0.5
14463.0,0.5
16828.0,0.5
16849.0,0.5
14059.0,0.5
13776.0,0.5
14402.0,0.5
18175.0,0.5
13609.0,0.5
17308.0,0.5
17941.0,0.5
12392.0,0.5
17330.0,0.5
13866.0,0.5
15395.0,0.5
15591.0,0.5
14786.0,0.5
15340.0,0.5
15171.0,0.5
13876.0,0.5
18253.0,0.5
12509.0,0.5
12796.0,0.5
15909.0,0.5
13912.0,0.5
14374.0,0.5
14386.0,0.5
13938.0,0.5
18147.0,0.5
16308.0,0.5
17497.0,0.5
15459.0,0.5
14539.0,0.5
16959.0,0.5
12686.0,0.5
16821.0,0.5
16944.0,0.5
14143.0,0.5
15937.0,0.5
18086.0,0.5
14084.0,0.5
15112.0,0.5
15354.0,0.5
16486.0,0.5
14760.0,0.5
15926.0,0.5
14764.0,0.5
13793.0,0.5
14066.0,0.5
17206.0,0.5
14281.0,0.5
14941.0,0.5
16852.0,0.5
15131.0,0.5
13445.0,0.5
15515.0,0.5
17240.0,0.5
14751.0,0.5
14833.0,0.5
14637.0,0.5
13839.0,0.5
18227.0,0.5
16963.0,0.5
14473.0,0.5
12884.0,0.5
12888.0,0.5
17657.0,0.5
12908.0,0.5
16248.0,0.5
17583.0,0.5
13072.0,0.5
17794.0,0.5
16237.0,0.5
16267.0,0.5
12881.0,0.5
16288.0,0.5
16157.0,0.5
14500.0,0.5
12864.0,0.5
12912.0,0.5
16041.0,0.5
16489.0,0.5
17149.0,0.5
17879.0,0.5
15612.0,0.5
13095.0,0.5
16867.0,0.5
14074.0,0.5
17741.0,0.5
14287.0,0.5
17737.0,0.5
17281.0,0.5
16610.0,0.5
16088.0,0.5
15610.0,0.5
12774.0,0.5
13003.0,0.5
16582.0,0.5
15082.0,0.5
15389.0,0.5
16548.0,0.5
14155.0,0.5
17328.0,0.5
16557.0,0.5
13346.0,0.5
15317.0,0.5
16973.0,0.5
14111.0,0.5
16964.0,0.5
14340.0,0.5
15375.0,0.5
15056.0,0.5
15397.0,0.5
14345.0,0.5
15206.0,0.5
14582.0,0.5
14347.0,0.5
16927.0,0.5
14196.0,0.5
14054.0,0.5
17280.0,0.5
14486.0,0.5
17260.0,0.5
13144.0,0.5
14887.0,0.5
16301.0,0.5
14795.0,0.5
16189.0,0.5
15991.0,0.5
12973.0,0.5
15285.0,0.5
15653.0,0.5
14874.0,0.5
17606.0,0.5
13992.0,0.5
14802.0,0.5
16213.0,0.5
17246.0,0.5
13469.0,0.5
15458.0,0.5
13058.0,0.5
13967.0,0.5
17553.0,0.5
17821.0,0.5
14394.0,0.5
13036.0,0.5
15642.0,0.5
15705.0,0.5
18240.0,0.5
12992.0,0.5
13403.0,0.5
17485.0,0.5
17474.0,0.5
17182.0,0.5
18000.0,0.5
14782.0,0.5
16106.0,0.5
14027.0,0.5
16651.0,0.5
16831.0,0.5
13511.0,0.5
16238.0,0.5
17352.0,0.5
17060.0,0.5
16532.0,0.5
18032.0,0.5
16028.0,0.5
12548.0,0.5
16363.0,0.5
17628.0,0.5
15305.0,0.5
17599.0,0.5
14943.0,0.5
14616.0,0.5
12882.0,0.5
15094.0,0.5
13580.0,0.5
12568.0,0.5
14308.0,0.5
15703.0,0.5
16410.0,0.5
15098.0,0.5
14933.0,0.5
16405.0,0.5
17304.0,0.5
16459.0,0.5
18030.0,0.5
13551.0,0.5
14259.0,0.5
17225.0,0.5
13620.0,0.5
15603.0,0.5
13747.0,0.5
15761.0,0.5
17743.0,0.5
15083.0,0.5
15760.0,0.5
14768.0,0.5
13218.0,0.5
13216.0,0.5
15871.0,0.5
13818.0,0.5
15833.0,0.5
16617.0,0.5
12401.0,0.5
12995.0,0.5
16630.0,0.5
15461.0,0.5
14007.0,0.5
14393.0,0.5
14542.0,0.5
13112.0,0.5
17844.0,0.5
16671.0,0.5
13947.0,0.5
16698.0,0.5
12969.0,0.5
12968.0,0.5
16692.0,0.5
14865.0,0.5
18195.0,0.5
17575.0,0.5
17788.0,0.5
13688.0,0.5
14124.0,0.5
13702.0,0.5
16061.0,0.5
18019.0,0.5
16568.0,0.5
15063.0,0.5
13645.0,0.5
15593.0,0.5
14752.0,0.5
17026.0,0.5
16564.0,0.5
13312.0,0.5
13022.0,0.5
13907.0,0.5
13051.0,0.5
15526.0,0.5
16505.0,0.5
18131.0,0.5
18028.0,0.5
16537.0,0.5
13915.0,0.5
13640.0,0.5
15564.0,0.5
13960.0,0.5
15368.0,0.5
14792.0,0.5
17620.0,0.5
17074.0,0.5
15588.0,0.5
14956.0,0.5
13006.0,0.5
15242.0,0.5
15595.0,0.5
14977.0,0.5
17151.0,0.5
13009.0,0.5
17089.0,0.5
16462.0,0.5
15868.0,0.5
14816.0,0.5
17174.0,0.5
14457.0,0.5
16196.0,0.5
17616.0,0.5
14464.0,0.5
15899.0,0.5
14650.0,0.5
13163.0,0.5
13254.0,0.5
13180.0,0.5
12756.0,0.5
16323.0,0.5
17327.0,0.5
13084.0,0.5
17467.0,0.5
17394.0,0.5
14373.0,0.5
14371.0,0.5
17532.0,0.5
15470.0,0.5
15170.0,0.5
14926.0,0.5
12861.0,0.5
17876.0,0.5
13303.0,0.5
12776.0,0.5
12736.0,0.5
18017.0,0.5
14255.0,0.5
13306.0,0.5
17638.0,0.5
16530.0,0.5
14832.0,0.5
13353.0,0.5
15940.0,0.5
15049.0,0.5
13739.0,0.5
14743.0,0.5
13011.0,0.5
14906.0,0.5
17901.0,0.5
13302.0,0.5
15744.0,0.5
12918.0,0.5
17024.0,0.5
14835.0,0.5
18115.0,0.5
14328.0,0.5
17923.0,0.5
12503.0,0.5
13682.0,0.5
17319.0,0.5
15575.0,0.5
17391.0,0.5
13290.0,0.5
14117.0,0.5
14435.0,0.5
17395.0,0.5
12487.0,0.5
14589.0,0.5
13380.0,0.5
14185.0,0.5
18246.0,0.5
14279.0,0.5
13132.0,0.5
15286.0,0.5
17468.0,0.5
12366.0,0.5
15802.0,0.5
15250.0,0.5
14384.0,0.5
13913.0,0.5
18063.0,0.5
16171.0,0.5
16446.0,0.5
15672.0,0.5
18273.0,0.5
17775.0,0.5
16319.0,0.5
16694.0,0.5
13452.0,0.5
16878.0,0.5
13147.0,0.5
17494.0,0.5
15178.0,0.5
17715.0,0.5
17383.0,0.5
17831.0,0.5
16737.0,0.5
16058.0,0.5
17378.0,0.5
16990.0,0.5
13130.0,0.5
12850.0,0.5
18133.0,0.5
15455.0,0.5
16976.0,0.5
12934.0,0.5
14405.0,0.5
16941.0,0.5
16879.0,0.5
17427.0,0.5
13749.0,0.5
13228.0,0.5
17747.0,0.5
14864.0,0.5
17570.0,0.5
15442.0,0.5
16580.0,0.5
15477.0,0.5
16659.0,0.5
16853.0,0.5
15635.0,0.5
13829.0,0.5
14559.0,0.5
14380.0,0.5
12814.0,0.5
16073.0,0.5
15431.0,0.5
16970.0,0.5
14603.0,0.5
17549.0,0.5
13559.0,0.5
17632.0,0.5
13342.0,0.5
17186.0,0.5
16162.0,0.5
17959.0,0.5
16506.0,0.5
14207.0,0.5
17079.0,0.5
14707.0,0.5
16429.0,0.5
16513.0,0.5
13525.0,0.5
15698.0,0.5
14642.0,0.5
17310.0,0.5
16257.0,0.5
17129.0,0.5
12737.0,0.5
16420.0,0.5
14960.0,0.5
17013.0,0.5
18233.0,0.5
16417.0,0.5
13841.0,0.5
17986.0,0.5
13409.0,0.5
13401.0,0.5
15118.0,0.5
13185.0,0.5
13864.0,0.5
12606.0,0.5
15313.0,0.5
12404.0,0.5
14520.0,0.5
13535.0,0.5
17445.0,0.5
13099.0,0.5
13215.0,0.5
13100.0,0.5
17452.0,0.5
17130.0,0.5
13528.0,0.5
14781.0,0.5
13205.0,0.5
14845.0,0.5
13383.0,0.5
16093.0,0.5
13391.0,0.5
15233.0,0.5
16220.0,0.5
13105.0,0.5
15510.0,0.5
16291.0,0.5
15849.0,0.5
13463.0,0.5
16443.0,0.5
13128.0,0.5
18023.0,0.5
15668.0,0.5
13942.0,0.5
12846.0,0.5
16703.0,0.5
16738.0,0.5
14914.0,0.5
17546.0,0.5
12636.0,0.5
15383.0,0.5
16144.0,0.5
13120.0,0.5
16165.0,0.5
13068.0,0.5
13054.0,0.5
14033.0,0.5
15284.0,0.5
13172.0,0.5
16219.0,0.5
16786.0,0.5
13222.0,0.5
12382.0,0.5
14939.0,0.5
15999.0,0.5
13906.0,0.5
13438.0,0.5
14266.0,0.5
15997.0,0.5
16663.0,0.5
13910.0,0.5
17846.0,0.5
15753.0,0.5
17533.0,0.5
16605.0,0.5
15040.0,0.5
17443.0,0.5
14613.0,0.5
17645.0,0.5
12896.0,0.5
16154.0,0.5
17336.0,0.5
13335.0,0.5
15371.0,0.5
17331.0,0.5
12555.0,0.5
17399.0,0.5
15896.0,0.5
17077.0,0.5
14313.0,0.5
17943.0,0.5
14925.0,0.5
15893.0,0.5
16575.0,0.5
17925.0,0.5
17347.0,0.5
15273.0,0.5
14120.0,0.5
15686.0,0.5
15486.0,0.5
16995.0,0.5
16994.0,0.5
13664.0,0.5
15913.0,0.5
13633.0,0.5
17641.0,0.5
18113.0,0.5
15316.0,0.5
17369.0,0.5
15929.0,0.5
14705.0,0.5
16981.0,0.5
14144.0,0.5
17661.0,0.5
15693.0,0.5
14900.0,0.5
13096.0,0.5
14580.0,0.5
14086.0,0.5
16047.0,0.5
14366.0,0.5
18080.0,0.5
16881.0,0.5
14190.0,0.5
17956.0,0.5
14106.0,0.5
17291.0,0.5
14576.0,0.5
13231.0,0.5
17008.0,0.5
14763.0,0.5
18068.0,0.5
13788.0,0.5
14827.0,0.5
13378.0,0.5
14351.0,0.5
14090.0,0.5
17102.0,0.5
13270.0,0.5
14103.0,0.5
16514.0,0.5
12466.0,0.5
12706.0,0.5
16151.0,0.5
12570.0,0.5
14095.0,0.5
17948.0,0.5
15357.0,0.5
18174.0,0.5
16512.0,0.5
13366.0,0.5
17424.0,0.5
17752.0,0.5
